LotID,Address,,Latitude,Longitude,GeocodeStatus
141,240 N Ibapah Peak Drive,"[' Heber City', ' UT 84032']",40.5091814,-111.3669524,Success
142,3050 E Corral Peak Circle,"[' Heber City', ' UT 84032']",40.5088134,-111.3653873,Success
143,3088 E Corral Peak Circle,"[' Heber City', ' UT 84032']",40.5087547,-111.3657128,Success
144,3090 E Corral Peak Circle,"[' Heber City', ' UT 84032']",40.5086692,-111.3653229,Success
145,3097 E Corral Peak Circle,"[' Heber City', ' UT 84032']",40.5085148,-111.3649444,Success
146,3081 E Corral Peak Circle,"[' Heber City', ' UT 84032']",40.5091029,-111.3650783,Success
147,3057 E Corral Peak Circle,"[' Heber City', ' UT 84032']",40.5094652,-111.3652279,Success
148,3035 E Corral Peak Circle,"[' Heber City', ' UT 84032']",40.5097565,-111.3653454,Success
149,280 N Ibapah Peak Drive,"[' Heber City', ' UT 84032']",40.51092,-111.3652809,Success
15,165 N Haystack Mountain Drive,"[' Heber City', ' UT 84032']",40.5097018,-111.3891944,Success
150,292 N Ibapah Peak Drive,"[' Heber City', ' UT 84032']",40.5110849,-111.3646317,Success
151,304 N Ibapah Peak Drive,"[' Heber City', ' UT 84032']",40.510811,-111.364025,Success
152,312 N Ibapah Peak Drive,"[' Heber City', ' UT 84032']",40.5110132,-111.3634501,Success
153,3226 E Horseshoe Canyon Circle,"[' Heber City', ' UT 84032']",40.511008,-111.3627645,Success
154,3290 E Horseshoe Canyon Circle,"[' Heber City', ' UT 84032']",40.510549,-111.362139,Success
155,3330 E Horseshoe Canyon Circle,"[' Heber City', ' UT 84032']",34.1149775,-118.3780159,Success
156,3336 E Horseshoe Canyon Circle,"[' Heber City', ' UT 84032']",40.5101227,-111.3610249,Success
157,3340 E Horseshoe Canyon Circle,"[' Heber City', ' UT 84032']",40.5104805,-111.3608835,Success
158,3335 E Horseshoe Canyon Circle,"[' Heber City', ' UT 84032']",40.510954,-111.3601569,Success
159,3311 E Horseshoe Canyon Circle,"[' Heber City', ' UT 84032']",40.5109317,-111.3612793,Success
16,191 N Haystack Mountain Drive,"[' Heber City', ' UT 84032']",40.5097018,-111.3891944,Success
160,3225 E Horseshoe Canyon Circle,"[' Heber City', ' UT 84032']",40.5112896,-111.3624353,Success
161,362 N Ibapah Peak Drive,"[' Heber City', ' UT 84032']",40.5117833,-111.3624774,Success
162,390 N Ibapah Peak Drive,"[' Heber City', ' UT 84032']",40.5121473,-111.3627107,Success
163,420 N Ibapah Peak Drive,"[' Heber City', ' UT 84032']",40.5126171,-111.3624507,Success
164,444 N Ibapah Peak Drive,"[' Heber City', ' UT 84032']",40.5130508,-111.3626444,Success
165,466 N Ibapah Peak Drive,"[' Heber City', ' UT 84032']",40.5131442,-111.3630335,Success
166,3220 E Horsehead Peak Court,"[' Heber City', ' UT 84032']",40.5138157,-111.3632796,Success
167,3246 E Horsehead Peak Court,"[' Heber City', ' UT 84032']",40.514098,-111.363112,Success
168,3250 E Horsehead Peak Court,"[' Heber City', ' UT 84032']",40.5141358,-111.3627817,Success
169,3245 E Horsehead Peak Court,"[' Heber City', ' UT 84032']",40.5140974,-111.3631197,Success
17,215 N Haystack Mountain Drive,"[' Heber City', ' UT 84032']",40.5099225,-111.3896749,Success
170,3231 E Horsehead Peak Court,"[' Heber City', ' UT 84032']",40.5145332,-111.3633032,Success
171,3205 E Horsehead Peak Court,"[' Heber City', ' UT 84032']",40.5140728,-111.363742,Success
172,556 N Ibapah Peak Drive,"[' Heber City', ' UT 84032']",40.5140235,-111.3646562,Success
173,590 N Ibapah Peak Drive,"[' Heber City', ' UT 84032']",40.5143249,-111.3655178,Success
174,618 N Ibapah Peak Drive,"[' Heber City', ' UT 84032']",40.5148575,-111.3658024,Success
175,634 N Ibapah Peak Drive,"[' Heber City', ' UT 84032']",40.515244,-111.3660017,Success
176,650 N Ibapah Peak Drive,"[' Heber City', ' UT 84032']",40.515597,-111.3661634,Success
177,657 N Ibapah Peak Drive,"[' Heber City', ' UT 84032']",40.5154883,-111.3667483,Success
178,637 N Ibapah Peak Drive,"[' Heber City', ' UT 84032']",40.5150515,-111.3664086,Success
179,623 N Ibapah Peak Drive,"[' Heber City', ' UT 84032']",40.5147926,-111.3663401,Success
18,255 N Haystack Mountain Drive,"[' Heber City', ' UT 84032']",40.5104171,-111.3902181,Success
180,605 N Ibapah Peak Drive,"[' Heber City', ' UT 84032']",40.5143767,-111.3662074,Success
181,595 N Ibapah Peak Drive,"[' Heber City', ' UT 84032']",40.5141822,-111.3658056,Success
182,583 N Ibapah Peak Drive,"[' Heber City', ' UT 84032']",40.5139244,-111.3655561,Success
183,567 N Ibapah Peak Drive,"[' Heber City', ' UT 84032']",40.513523,-111.365061,Success
184,551  Ibapah Peak Drive,"[' Heber City', ' UT 84032']",40.5136195,-111.3645112,Success
185,515 N Ibapah Peak Drive,"[' Heber City', ' UT 84032']",40.5134852,-111.3638631,Success
LotId,Address,"[' Heber City', ' UT 84032']",,,Error: ZERO_RESULTS
1,105 N Haystack Mountain Drive,"[' Heber City', ' UT 84032']",40.5097018,-111.3891944,Success
10,134 N Haystack Mountain Drive,"[' Heber City', ' UT 84032']",40.5103952,-111.3893371,Success
100,2911 E Brown Duck Mountain Circle ,"[' Heber City', ' UT 84032']",40.5158205,-111.3679449,Success
101,2891 E Brown Duck Mountain Circle ,"[' Heber City', ' UT 84032']",40.5160921,-111.3683067,Success
102,2881 E Brown Duck Mountain Circle,"[' Heber City', ' UT 84032']",40.5161258,-111.3685724,Success
103,2880 E Brown Duck Mountain Circle,"[' Heber City', ' UT 84032']",40.516045,-111.3691376,Success
104,2884 E Brown Duck Mountain Circle,"[' Heber City', ' UT 84032']",40.5158404,-111.3687998,Success
105,2888 E Brown Duck Mountain Circle,"[' Heber City', ' UT 84032']",40.5155359,-111.368861,Success
106,2900 E Brown Duck Mountain Circle,"[' Heber City', ' UT 84032']",40.5156632,-111.3683988,Success
107,2910 E Brown Duck Mountain Circle,"[' Heber City', ' UT 84032']",40.5152669,-111.3681505,Success
108,2918 E Brown Duck Mountain Circle,"[' Heber City', ' UT 84032']",40.5154752,-111.3678275,Success
109,2930 E Brown Duck Mountain Circle,"[' Heber City', ' UT 84032']",40.5151619,-111.3674138,Success
11,142 N Haystack Mountain Drive,"[' Heber City', ' UT 84032']",40.5103952,-111.3893371,Success
110,601 N Red Ledges Boulevard,"[' Heber City', ' UT 84032']",40.514772,-111.3676271,Success
111,565 N Red Ledges Boulevard,"[' Heber City', ' UT 84032']",40.5145388,-111.3677394,Success
112,551 N Red Ledges Boulevard,"[' Heber City', ' UT 84032']",40.514188,-111.367389,Success
113,537 N Red Ledges Boulevard,"[' Heber City', ' UT 84032']",40.5139202,-111.3673255,Success
114,511 N Red Ledges Boulevard,"[' Heber City', ' UT 84032']",40.5137089,-111.3676223,Success
115,481 N Red Ledges Boulevard,"[' Heber City', ' UT 84032']",40.51343,-111.36755,Success
116,445 N Red Ledges Boulevard,"[' Heber City', ' UT 84032']",40.5131891,-111.3674304,Success
117,427 N Red Ledges Boulevard,"[' Heber City', ' UT 84032']",40.5127931,-111.3672288,Success
118,393 N Red Ledges Boulevard,"[' Heber City', ' UT 84032']",40.5124614,-111.3672591,Success
119,355 N Red Ledges Boulevard,"[' Heber City', ' UT 84032']",40.5121601,-111.3675066,Success
12,150 N Haystack Mountain Drive,"[' Heber City', ' UT 84032']",40.5103952,-111.3893371,Success
120,311 N Red Ledges Boulevard,"[' Heber City', ' UT 84032']",40.511991,-111.3679465,Success
121,295 N Red Ledges Boulevard,"[' Heber City', ' UT 84032']",40.51201,-111.36835,Success
122,271 N Red Ledges Boulevard,"[' Heber City', ' UT 84032']",40.5118551,-111.3686585,Success
123,330 N Red Ledges Boulevard,"[' Heber City', ' UT 84032']",40.5117602,-111.3673859,Success
124,310 N Red Ledges Boulevard,"[' Heber City', ' UT 84032']",40.5114819,-111.367451,Success
125,304 N Red Ledges Boulevard,"[' Heber City', ' UT 84032']",40.5113071,-111.3678009,Success
126,280 N Red Ledges Boulevard,"[' Heber City', ' UT 84032']",40.5113029,-111.3681835,Success
127,205 N Ibapah Peak Drive,"[' Heber City', ' UT 84032']",40.5109956,-111.3689356,Success
128,209 N Ibapah Peak Drive,"[' Heber City', ' UT 84032']",40.5106786,-111.3687221,Success
129,223 N Ibapah Peak Drive,"[' Heber City', ' UT 84032']",40.509886,-111.3690079,Success
13,158 N Haystack Mountain Drive,"[' Heber City', ' UT 84032']",40.5103952,-111.3893371,Success
130,229 N Ibapah Peak Drive,"[' Heber City', ' UT 84032']",40.5098378,-111.3682056,Success
131,235 N Ibapah Peak Drive,"[' Heber City', ' UT 84032']",40.5095827,-111.3676576,Success
132,241 N Ibapah Peak Drive,"[' Heber City', ' UT 84032']",40.5097895,-111.3666533,Success
133,253 N Ibapah Peak Drive,"[' Heber City', ' UT 84032']",40.5097825,-111.3664828,Success
134,206 N Ibapah Peak Drive,"[' Heber City', ' UT 84032']",40.5107799,-111.369458,Success
135,212 N Ibapah Peak Drive,"[' Heber City', ' UT 84032']",40.5103756,-111.3698117,Success
136,216 N Ibapah Peak Drive,"[' Heber City', ' UT 84032']",40.5096375,-111.3697253,Success
137,220 N Ibapah Peak Drive,"[' Heber City', ' UT 84032']",40.5092737,-111.3695758,Success
138,224 N Ibapah Peak Drive,"[' Heber City', ' UT 84032']",40.5090851,-111.3689603,Success
139,228 N Ibapah Peak Drive,"[' Heber City', ' UT 84032']",40.5091009,-111.36843,Success
14,157 N Haystack Mountain Drive,"[' Heber City', ' UT 84032']",40.5097018,-111.3891944,Success
140,234 N Ibapah Peak Drive,"[' Heber City', ' UT 84032']",40.5090619,-111.3675264,Success
186,3155 E Horse Mountain Circle ,"[' Heber City', ' UT 84032']",40.5128779,-111.3639392,Success
187,3125 E Horse Mountain Circle,"[' Heber City', ' UT 84032']",40.5128882,-111.3641015,Success
188,3101 E Horse Mountain Circle,"[' Heber City', ' UT 84032']",40.5129212,-111.3647223,Success
189,3077 E Horse Mountain Circle,"[' Heber City', ' UT 84032']",40.512889,-111.365489,Success
19,285 N Haystack Mountain Drive,"[' Heber City', ' UT 84032']",40.5107654,-111.3904146,Success
190,3055 E Horse Mountain Circle,"[' Heber City', ' UT 84032']",40.5130412,-111.3660015,Success
191,3050 E Horse Mountain Circle,"[' Heber City', ' UT 84032']",40.5125879,-111.3664756,Success
192,3052 E Horse Mountain Circle,"[' Heber City', ' UT 84032']",40.5123397,-111.3661705,Success
193,3060 E Horse Mountain Circle,"[' Heber City', ' UT 84032']",40.5121296,-111.3655963,Success
194,3090 E Horse Mountain Circle,"[' Heber City', ' UT 84032']",40.5123141,-111.3650319,Success
195,3120 E Horse Mountain Circle,"[' Heber City', ' UT 84032']",40.5124311,-111.3644533,Success
196,3140 E Horse Mountain Circle,"[' Heber City', ' UT 84032']",40.5124132,-111.3638872,Success
197,3166 E Horse Mountain Circle,"[' Heber City', ' UT 84032']",40.5124397,-111.3633805,Success
198,315 N Ibapah Peak Drive ,"[' Heber City', ' UT 84032']",,,Error: ZERO_RESULTS
199,307 N Ibapah Peak Drive,"[' Heber City', ' UT 84032']",40.5112318,-111.3639217,Success
2,113 N Haystack Mountain Drive,"[' Heber City', ' UT 84032']",40.5097018,-111.3891944,Success
20,230 N Haystack Mountain Drive,"[' Heber City', ' UT 84032']",40.5103952,-111.3893371,Success
200,295 N Ibapah Peak Drive,"[' Heber City', ' UT 84032']",40.5113434,-111.3645116,Success
201,289 N Ibapah Peak Drive,"[' Heber City', ' UT 84032']",40.5113296,-111.3649676,Success
202,283 N Ibapah Peak Drive,"[' Heber City', ' UT 84032']",40.5115079,-111.3655805,Success
203,141 N Haystack Mountain Drive,"[' Heber City', ' UT 84032']",40.5097018,-111.3891944,Success
204,149 N Haystack Mountain Drive,"[' Heber City', ' UT 84032']",40.5097018,-111.3891944,Success
205,725 N Red Mountain Court,"[' Heber City', ' UT 84032']",40.5161438,-111.3711725,Success
206,693 N Red Mountain Court,"[' Heber City', ' UT 84032']",40.5159731,-111.3715262,Success
207,669 N Red Mountain Court,"[' Heber City', ' UT 84032']",40.515721,-111.371673,Success
208,645 N Red Mountain Court,"[' Heber City', ' UT 84032']",40.515431,-111.371828,Success
209,621 N Red Mountain Court,"[' Heber City', ' UT 84032']",40.515185,-111.372083,Success
21,290 N Haystack Mountain Drive,"[' Heber City', ' UT 84032']",40.510957,-111.3897668,Success
210,599 N Red Mountain Court,"[' Heber City', ' UT 84032']",40.5148621,-111.3723392,Success
211,581 N Red Mountain Court,"[' Heber City', ' UT 84032']",40.514652,-111.372408,Success
212,565 N Red Mountain Court,"[' Heber City', ' UT 84032']",40.5143427,-111.3725799,Success
213,549 N Red Mountain Court,"[' Heber City', ' UT 84032']",40.51411,-111.372521,Success
214,531 N Red Mountain Court,"[' Heber City', ' UT 84032']",40.5137818,-111.3726404,Success
215,527 N Red Mountain Court,"[' Heber City', ' UT 84032']",40.513612,-111.372317,Success
216,523 N Red Mountain Court,"[' Heber City', ' UT 84032']",40.513215,-111.3719625,Success
217,522 N Red Mountain Court,"[' Heber City', ' UT 84032']",40.5135967,-111.3719723,Success
218,526 N Red Mountain Court,"[' Heber City', ' UT 84032']",40.5136354,-111.3718824,Success
219,532 N Red Mountain Court,"[' Heber City', ' UT 84032']",40.5138948,-111.3715965,Success
22,330 N Haystack Mountain Drive,"[' Heber City', ' UT 84032']",40.5115269,-111.3900695,Success
220,546 N Red Mountain Court,"[' Heber City', ' UT 84032']",40.5140609,-111.3719426,Success
221,574 N Red Mountain Court,"[' Heber City', ' UT 84032']",40.5144008,-111.3719838,Success
222,604 N Red Mountain Court,"[' Heber City', ' UT 84032']",40.5146827,-111.3716275,Success
223,626 N Red Mountain Court,"[' Heber City', ' UT 84032']",40.5149759,-111.3716724,Success
224,646 N Red Mountain Court,"[' Heber City', ' UT 84032']",40.5151506,-111.3712784,Success
225,664 N Red Mountain Court,"[' Heber City', ' UT 84032']",40.5153883,-111.3710787,Success
226,686 N Red Mountain Court,"[' Heber City', ' UT 84032']",40.515595,-111.3709647,Success
227,1962 E Chimney Rock Way,"[' Heber City', ' UT 84032']",40.520935,-111.383606,Success
228,1961 E Chimney Rock Way,"[' Heber City', ' UT 84032']",40.521361,-111.383667,Success
229,1967 E Chimney Rock Way,"[' Heber City', ' UT 84032']",40.5214585,-111.3832993,Success
23,366 N Haystack Mountain Drive,"[' Heber City', ' UT 84032']",40.5117989,-111.3895941,Success
230,2064 E Chimney Rock Circle,"[' Heber City', ' UT 84032']",40.5256664,-111.3820964,Success
231,2061 E Chimney Rock Circle,"[' Heber City', ' UT 84032']",40.5259731,-111.3820121,Success
232,2065 E Chimney Rock Circle,"[' Heber City', ' UT 84032']",40.526027,-111.3816561,Success
233,2082 E Explorer Peak Court,"[' Heber City', ' UT 84032']",40.5265836,-111.3812977,Success
234,2074 E Explorer Peak Court,"[' Heber City', ' UT 84032']",40.5268455,-111.38163,Success
235,2071 E Explorer Peak Court,"[' Heber City', ' UT 84032']",40.5271157,-111.3817734,Success
236,2075 E Explorer Peak Court,"[' Heber City', ' UT 84032']",40.527198,-111.381278,Success
237,1112 N Chimney Rock Road ,"[' Heber City', ' UT 84032']",36.0971962,-79.9196212,Success
238,2034 E Chimney Rock Way,"[' Heber City', ' UT 84032']",40.5213262,-111.3820115,Success
239,2038 E Chimney Rock Way,"[' Heber City', ' UT 84032']",40.5214598,-111.3816679,Success
24,390 N Haystack Mountain Drive,"[' Heber City', ' UT 84032']",40.5120946,-111.3893318,Success
240,2035 E Chimney Rock Way,"[' Heber City', ' UT 84032']",40.5215672,-111.3816872,Success
241,2031 E Chimney Rock Way,"[' Heber City', ' UT 84032']",40.521948,-111.381976,Success
242,1158 N Chimney Rock Road ,"[' Heber City', ' UT 84032']",29.7548545,-95.477682,Success
244,663 N Chimney Rock Rd,"[' Heber City', ' UT 84032']",36.0957574,-79.9218614,Success
245,677 N Chimney Rock Rd,"[' Heber City', ' UT 84032']",36.0957574,-79.9218614,Success
246,695 N Chimney Rock Rd,"[' Heber City', ' UT 84032']",36.0957574,-79.9218614,Success
247,707 N Chimney Rock Rd,"[' Heber City', ' UT 84032']",36.0957574,-79.9218614,Success
248,725 N Chimney Rock Rd,"[' Heber City', ' UT 84032']",36.0957574,-79.9218614,Success
249,737 N Chimney Rock Rd,"[' Heber City', ' UT 84032']",36.0957574,-79.9218614,Success
25,426 N Haystack Mountain Drive,"[' Heber City', ' UT 84032']",40.5124525,-111.3889984,Success
250,757 N Chimney Rock Rd,"[' Heber City', ' UT 84032']",36.0957574,-79.9218614,Success
251,771 N Chimney Rock Rd,"[' Heber City', ' UT 84032']",36.0957574,-79.9218614,Success
252,787 N Chimney Rock Rd,"[' Heber City', ' UT 84032']",36.0957574,-79.9218614,Success
253,803 N Chimney Rock Rd,"[' Heber City', ' UT 84032']",36.0957574,-79.9218614,Success
254,815 N Chimney Rock Rd,"[' Heber City', ' UT 84032']",36.0957574,-79.9218614,Success
255,828 N Haystack Mountain Drive,"[' Heber City', ' UT 84032']",40.5179132,-111.3843213,Success
256,800 N Chimney Rock Rd,"[' Heber City', ' UT 84032']",36.0957574,-79.9218614,Success
257,788 N Chimney Rock Rd,"[' Heber City', ' UT 84032']",36.0957574,-79.9218614,Success
258,770 N Chimney Rock Road,"[' Heber City', ' UT 84032']",36.0957574,-79.9218614,Success
259,760 N Chimney Rock Rd,"[' Heber City', ' UT 84032']",36.0957574,-79.9218614,Success
26,456 N Haystack Mountain Drive,"[' Heber City', ' UT 84032']",40.5127802,-111.388693,Success
260,730 N Chimney Rock Road,"[' Heber City', ' UT 84032']",36.0957574,-79.9218614,Success
261,620 N Chimney Rock Rd,"[' Heber City', ' UT 84032']",36.0957574,-79.9218614,Success
262,706 N Chimney Rock Rd,"[' Heber City', ' UT 84032']",36.0957574,-79.9218614,Success
263,700 N Chimney Rock Rd,"[' Heber City', ' UT 84032']",36.0957574,-79.9218614,Success
264,688 N Chimney Rock Rd,"[' Heber City', ' UT 84032']",36.0957574,-79.9218614,Success
265,676 N Chimney Rock Rd,"[' Heber City', ' UT 84032']",36.0957574,-79.9218614,Success
266,664 N Chimney Rock Rd,"[' Heber City', ' UT 84032']",36.0957574,-79.9218614,Success
267,658 N Chimney Rock Rd,"[' Heber City', ' UT 84032']",36.0957574,-79.9218614,Success
268,650 N Chimney Rock Rd,"[' Heber City', ' UT 84032']",36.0957574,-79.9218614,Success
269,675 N Bald Mountain Cr,"[' Heber City', ' UT 84032']",40.5153422,-111.3828732,Success
27,484 N Haystack Mountain Drive,"[' Heber City', ' UT 84032']",40.5131479,-111.3884001,Success
270,671 N Bald Mountain Cr,"[' Heber City', ' UT 84032']",40.515346,-111.3825458,Success
271,672 N Bald Mountain Cr,"[' Heber City', ' UT 84032']",40.5154126,-111.3822928,Success
272,676 N Bald Mountain Cr,"[' Heber City', ' UT 84032']",40.5155889,-111.3822519,Success
273,702 N Bald Mountain Cr,"[' Heber City', ' UT 84032']",40.5158821,-111.3824107,Success
274,726 N Bald Mountain Cr,"[' Heber City', ' UT 84032']",40.5161917,-111.3823883,Success
275,756 N Bald Mountain Cr,"[' Heber City', ' UT 84032']",40.5165516,-111.3823658,Success
276,784 N Bald Mountain Cr,"[' Heber City', ' UT 84032']",40.516999,-111.382118,Success
277,804 N Bald Mountain Cr,"[' Heber City', ' UT 84032']",40.5173715,-111.3821168,Success
278,824 N Bald Mountain Cr,"[' Heber City', ' UT 84032']",40.5176565,-111.3821671,Success
279,852 N Bald Mountain Cr,"[' Heber City', ' UT 84032']",40.5178455,-111.3825104,Success
28,506 N Haystack Mountain Drive,"[' Heber City', ' UT 84032']",40.5134613,-111.3882365,Success
280,914 N Chimney Rock Rd,"[' Heber City', ' UT 84032']",36.0957574,-79.9218614,Success
281,940 N Chimney Rock Rd,"[' Heber City', ' UT 84032']",36.0957574,-79.9218614,Success
282,956 N Chimney Rock Rd,"[' Heber City', ' UT 84032']",36.0957574,-79.9218614,Success
283,976 N Chimney Rock Road,"[' Heber City', ' UT 84032']",36.0957574,-79.9218614,Success
284,990 N Chimney Rock Road,"[' Heber City', ' UT 84032']",36.0957574,-79.9218614,Success
285,1005 N Chimney Rock Road,"[' Heber City', ' UT 84032']",36.0971962,-79.9196212,Success
286,981 N Chimney Rock Road,"[' Heber City', ' UT 84032']",,,Error: ZERO_RESULTS
287,955 N Chimney Rock Road,"[' Heber City', ' UT 84032']",36.0957574,-79.9218614,Success
288,607 N Haystack Mountain Drive,"[' Heber City', ' UT 84032']",40.514921,-111.3891385,Success
289,615 N Haystack Mountain Drive,"[' Heber City', ' UT 84032']",40.5150195,-111.3892088,Success
29,530 N Haystack Mountain Drive,"[' Heber City', ' UT 84032']",40.5138305,-111.3884369,Success
290,619 N Haystack Mountain Drive,"[' Heber City', ' UT 84032']",40.5150683,-111.3892437,Success
291,623 N Haystack Mountain Drive,"[' Heber City', ' UT 84032']",40.5152983,-111.3888424,Success
292,633 N Haystack Mountain Drive,"[' Heber City', ' UT 84032']",40.5155596,-111.3891157,Success
293,638 N Haystack Mountain Drive,"[' Heber City', ' UT 84032']",40.51556,-111.3891162,Success
294,645 N Haystack Mountain Drive,"[' Heber City', ' UT 84032']",40.5155173,-111.3882681,Success
295,655 N Haystack Mountain Drive,"[' Heber City', ' UT 84032']",40.5152987,-111.3888427,Success
296,661 N Haystack Mountain Drive,"[' Heber City', ' UT 84032']",40.5153076,-111.3888491,Success
297,671 North Haystack Mountain Drive,"[' Heber City', ' UT 84032']",40.5168442,-111.3893325,Success
3,119 N Haystack Mountain Drive,"[' Heber City', ' UT 84032']",40.5097018,-111.3891944,Success
30,550 N Haystack Mountain Drive,"[' Heber City', ' UT 84032']",40.5141453,-111.3884015,Success
308,695 North Haystack Mountain Drive,"[' Heber City', ' UT 84032']",40.5173709,-111.3885642,Success
309,701 North Haystack Mountain Drive,"[' Heber City', ' UT 84032']",40.5158448,-111.3885908,Success
31,570 N Haystack Mountain Drive,"[' Heber City', ' UT 84032']",40.5143886,-111.3884192,Success
310,709 North Haystack Mountain Drive,"[' Heber City', ' UT 84032']",40.5155601,-111.3891163,Success
311,717 North Haystack Mountain Drive,"[' Heber City', ' UT 84032']",40.517405,-111.387563,Success
32,431 N Haystack Mountain Drive,"[' Heber City', ' UT 84032']",40.5136596,-111.3888765,Success
320,782 North Haystack Mountain Drive,"[' Heber City', ' UT 84032']",40.5180533,-111.3853853,Success
321,772 North Haystack Mountain Drive,"[' Heber City', ' UT 84032']",40.5178291,-111.3856621,Success
322,758 North Haystack Mountain Drive,"[' Heber City', ' UT 84032']",40.5175885,-111.3858768,Success
323,746 North Haystack Mountain Drive,"[' Heber City', ' UT 84032']",40.5173712,-111.3861105,Success
324,738 North Haystack Mountain Drive,"[' Heber City', ' UT 84032']",40.5171771,-111.3863354,Success
325,1709 East Haystack Mountain Court,"[' Heber City', ' UT 84032']",40.517043,-111.387137,Success
326,1715 East Haystack Mountain Court,"[' Heber City', ' UT 84032']",40.5168611,-111.3869564,Success
327,1717 East Haystack Mountain Court,"[' Heber City', ' UT 84032']",40.5166066,-111.3867559,Success
328,1718 East Haystack Mountain Court,"[' Heber City', ' UT 84032']",40.5164621,-111.3869537,Success
329,1716 East Haystack Mountain Court,"[' Heber City', ' UT 84032']",40.516465,-111.3872621,Success
33,465 N Haystack Mountain Drive,"[' Heber City', ' UT 84032']",40.5137034,-111.38886,Success
330,1712 East Haystack Mountain Court,"[' Heber City', ' UT 84032']",40.5166347,-111.3875272,Success
331,1706 East Haystack Mountain Court ,"[' Heber City', ' UT 84032']",40.5168848,-111.3876713,Success
332,706 North Haystack Mountain Drive,"[' Heber City', ' UT 84032']",40.5158675,-111.3886169,Success
333,696 North Haystack Mountain Drive,"[' Heber City', ' UT 84032']",40.515822,-111.3885647,Success
334,684 North Haystack Mountain Drive,"[' Heber City', ' UT 84032']",40.5157376,-111.388475,Success
335,674 North Haystack Mountain Drive,"[' Heber City', ' UT 84032']",40.515674,-111.3884097,Success
336,658 N Haystack Mountain Drive,"[' Heber City', ' UT 84032']",40.5153032,-111.3888459,Success
337,648 N Haystack Mountain Drive,"[' Heber City', ' UT 84032']",40.5155218,-111.3882713,Success
338,642 N Haystack Mountain Drive,"[' Heber City', ' UT 84032']",40.5155128,-111.3882649,Success
339,626 N Haystack Mountain Drive,"[' Heber City', ' UT 84032']",40.5151033,-111.3892691,Success
34,1610 E Mount Nebo Circle,"[' Heber City', ' UT 84032']",40.5135942,-111.3889755,Success
340,618 N Haystack Mountain Drive,"[' Heber City', ' UT 84032']",40.515056,-111.3892349,Success
341,606 N Haystack Mountain Drive,"[' Heber City', ' UT 84032']",40.5154328,-111.3882076,Success
342,604 N Haystack Mountain Drive,"[' Heber City', ' UT 84032']",40.5152041,-111.3880519,Success
343,1232 N Chimney Rock Road ,"[' Heber City', ' UT 84032']",29.7543571,-95.4776788,Success
344,1282 N Chimney Rock Road ,"[' Heber City', ' UT 84032']",29.7538362,-95.477671,Success
345,2025 E Notch Mountain Circle,"[' Heber City', ' UT 84032']",40.522993,-111.381835,Success
346,2051 E Notch Mountain Circle,"[' Heber City', ' UT 84032']",40.5227894,-111.381344,Success
347,2075 E Notch Mountain Circle,"[' Heber City', ' UT 84032']",40.5229525,-111.3806946,Success
348,2093 E Notch Mountain Circle,"[' Heber City', ' UT 84032']",40.5227297,-111.3803776,Success
349,2109 E Notch Mountain Circle,"[' Heber City', ' UT 84032']",40.5226603,-111.3797005,Success
35,1590 E Mount Nebo Circle,"[' Heber City', ' UT 84032']",40.5137498,-111.3893297,Success
350,2125 E Notch Mountain Circle,"[' Heber City', ' UT 84032']",40.5222121,-111.3797082,Success
351,2139 E Notch Mountain Circle,"[' Heber City', ' UT 84032']",40.5219153,-111.3797023,Success
352,2157 E Notch Mountain Circle,"[' Heber City', ' UT 84032']",40.5216176,-111.3798591,Success
353,2171 E Notch Mountain Circle,"[' Heber City', ' UT 84032']",40.5212177,-111.3797894,Success
354,2177 E Notch Mountain Circle,"[' Heber City', ' UT 84032']",40.5211832,-111.3802697,Success
355,2176 E Notch Mountain Circle,"[' Heber City', ' UT 84032']",40.5212249,-111.380375,Success
356,2172 E Notch Mountain Circle,"[' Heber City', ' UT 84032']",40.5215644,-111.3802534,Success
357,2154 E Notch Mountain Circle,"[' Heber City', ' UT 84032']",40.52174,-111.3800773,Success
358,2118 E Notch Mountain Circle,"[' Heber City', ' UT 84032']",40.5221619,-111.3802285,Success
359,2068 E Notch Mountain Circle,"[' Heber City', ' UT 84032']",40.5223833,-111.3809313,Success
36,1582 E Mount Nebo Circle,"[' Heber City', ' UT 84032']",40.5140367,-111.3893601,Success
360,2044 E Notch Mountain Circle,"[' Heber City', ' UT 84032']",40.522432,-111.3815,Success
361,2022 E Notch Mountain Circle,"[' Heber City', ' UT 84032']",40.5226825,-111.3820095,Success
362,1352 N Chimney Rock Road ,"[' Heber City', ' UT 84032']",29.7532678,-95.4773692,Success
363,2066 E Oquirrh Mountain Circle,"[' Heber City', ' UT 84032']",40.5235083,-111.3814302,Success
364,2069 E Oquirrh Mountain Circle,"[' Heber City', ' UT 84032']",40.523732,-111.381189,Success
365,2067 E Oquirrh Mountain Circle,"[' Heber City', ' UT 84032']",40.524134,-111.380999,Success
366,2063 E Oquirrh Mountain Circle,"[' Heber City', ' UT 84032']",40.5237578,-111.3814126,Success
367,2083 E Upper Lookout Knoll Court,"[' Heber City', ' UT 84032']",,,Error: ZERO_RESULTS
368,2025 E Upper Lookout Knoll Court,"[' Heber City', ' UT 84032']",,,Error: ZERO_RESULTS
369,1977 E Upper Lookout Knoll Court,"[' Heber City', ' UT 84032']",,,Error: ZERO_RESULTS
37,1580 E Mount Nebo Circle,"[' Heber City', ' UT 84032']",40.514403,-111.389234,Success
370,1961 E Upper Lookout Knoll Circle,"[' Heber City', ' UT 84032']",33.2294332,-87.590753,Success
371,1964 E Upper Lookout Knoll Court,"[' Heber City', ' UT 84032']",,,Error: ZERO_RESULTS
372,1968 E Upper Lookout Knoll Court,"[' Heber City', ' UT 84032']",,,Error: ZERO_RESULTS
373,1994 E Upper Lookout Knoll Court,"[' Heber City', ' UT 84032']",,,Error: ZERO_RESULTS
374,1331 N Oquirrh Mountain Drive,"[' Heber City', ' UT 84032']",40.5242277,-111.3819601,Success
375,1376 N Lower Lookout Knoll Court,"[' Heber City', ' UT 84032']",40.5252886,-111.3828721,Success
376,1418 N Lower Lookout Knoll Court,"[' Heber City', ' UT 84032']",40.5257728,-111.3833828,Success
377,1472 N Lower Lookout Knoll Court,"[' Heber City', ' UT 84032']",40.5259899,-111.3842041,Success
378,1534 N Lower Lookout Knoll Court,"[' Heber City', ' UT 84032']",40.5270551,-111.3850571,Success
379,1539 N Lower Lookout Knoll Court,"[' Heber City', ' UT 84032']",40.5265885,-111.3855055,Success
38,1595 E Mount Nebo Circle,"[' Heber City', ' UT 84032']",40.5139124,-111.3888214,Success
380,1509 N Lower Lookout Knoll Court,"[' Heber City', ' UT 84032']",40.5258652,-111.3850407,Success
381,1353 N Lower Lookout Knoll Court,"[' Heber City', ' UT 84032']",40.5250768,-111.383453,Success
39,1075 N Chimney Rock Road,"[' Heber City', ' UT 84032']",29.7560389,-95.4768114,Success
398,197 N Abajo Peak Way ,"[' Heber City', ' UT 84032']",40.5100877,-111.3885162,Success
399,202 N Abajo Peak Way ,"[' Heber City', ' UT 84032']",40.509976,-111.388205,Success
39a,1109 N Chimney Rock Road,"[' Heber City', ' UT 84032']",29.7557094,-95.4773064,Success
3K01,733 N Burro Peak Circle,"[' Heber City', ' UT 84032']",40.5171396,-111.3892605,Success
3K02,761 N Burro Peak Circle,"[' Heber City', ' UT 84032']",40.517328,-111.389472,Success
3K03,801 N Burro Peak Circle,"[' Heber City', ' UT 84032']",40.5176285,-111.3894667,Success
3K04,827 N Burro Peak Circle,"[' Heber City', ' UT 84032']",40.5178254,-111.3895404,Success
3K05,833 N Burro Peak Circle,"[' Heber City', ' UT 84032']",40.517982,-111.389627,Success
3K06,845 N Burro Peak Circle,"[' Heber City', ' UT 84032']",40.5182367,-111.3897612,Success
3K07,849 N Burro Peak Circle,"[' Heber City', ' UT 84032']",40.5181026,-111.3891764,Success
3K08,846 N Burro Peak Circle,"[' Heber City', ' UT 84032']",40.5182355,-111.3889104,Success
3K09,838 N Burro Peak Circle,"[' Heber City', ' UT 84032']",40.5179636,-111.3886173,Success
3K10,832 N Burro Peak Circle,"[' Heber City', ' UT 84032']",40.5177572,-111.3887449,Success
3K11,788 N Burro Peak Circle,"[' Heber City', ' UT 84032']",40.5175617,-111.3888261,Success
3K12,1756 E Thompson Peak Circle,"[' Heber City', ' UT 84032']",40.5176161,-111.3868481,Success
3K13,1746 E Thompson Peak Circle,"[' Heber City', ' UT 84032']",40.517717,-111.3871148,Success
3K14,1744 E Thompson Peak Circle,"[' Heber City', ' UT 84032']",40.517893,-111.3873556,Success
3K15,1742 E Thompson Peak Circle,"[' Heber City', ' UT 84032']",40.518082,-111.387561,Success
3K16,1741 E Thompson Peak Circle,"[' Heber City', ' UT 84032']",40.5182275,-111.3870311,Success
3K17,1743 E Thompson Peak Circle,"[' Heber City', ' UT 84032']",40.5182684,-111.3867087,Success
3K18,1747 E Thompson Peak Circle,"[' Heber City', ' UT 84032']",40.5182436,-111.3863503,Success
3K19,1759 E Thompson Peak Circle,"[' Heber City', ' UT 84032']",40.517955,-111.386277,Success
4,127 N Haystack Mountain Drive,"[' Heber City', ' UT 84032']",40.5097018,-111.3891944,Success
40,1070 N Chimney Rock Road,"[' Heber City', ' UT 84032']",29.7556254,-95.4776961,Success
400,663 North Explorer Peak Dr,"[' Heber City', ' UT 84032']",40.5215993,-111.3752719,Success
401,685 North Explorer Peak Dr,"[' Heber City', ' UT 84032']",40.5215993,-111.3752719,Success
402,709 N Explorer Peak,"[' Heber City', ' UT 84032']",40.5163913,-111.3751783,Success
403,753 N Explorer Peak,"[' Heber City', ' UT 84032']",40.516946,-111.3747401,Success
404,795 N Explorer Peak,"[' Heber City', ' UT 84032']",40.5173836,-111.3748673,Success
405,819 N Explorer Peak,"[' Heber City', ' UT 84032']",40.5215993,-111.3752719,Success
406,845 N Explorer Peak,"[' Heber City', ' UT 84032']",40.5181408,-111.3751442,Success
407,862 N Explorer Peak,"[' Heber City', ' UT 84032']",40.5184877,-111.3745874,Success
408,836 N Explorer Peak,"[' Heber City', ' UT 84032']",40.5180458,-111.3739882,Success
409,812 N Explorer Peak,"[' Heber City', ' UT 84032']",40.5176867,-111.3743235,Success
41,1196 N Chimney Rock Road,"[' Heber City', ' UT 84032']",29.754663,-95.4773901,Success
410,786 N Explorer Peak,"[' Heber City', ' UT 84032']",40.5173149,-111.3741962,Success
411,762 N Explorer Peak,"[' Heber City', ' UT 84032']",40.5170641,-111.373573,Success
412,726 N Explorer Peak ,"[' Heber City', ' UT 84032']",40.5164147,-111.3746693,Success
413,688 N Explorer Peak ,"[' Heber City', ' UT 84032']",40.5203874,-111.3752785,Success
414,877 N Explorer Peak,"[' Heber City', ' UT 84032']",40.5185479,-111.3755141,Success
415,899 N Explorer Peak,"[' Heber City', ' UT 84032']",40.5188721,-111.3756738,Success
416,921 N Explorer Peak,"[' Heber City', ' UT 84032']",40.5192489,-111.375233,Success
417,947 N Explorer Peak,"[' Heber City', ' UT 84032']",40.5215993,-111.3752719,Success
418,973 N Explorer Peak,"[' Heber City', ' UT 84032']",40.5200603,-111.3759474,Success
419,966 N Explorer Peak,"[' Heber City', ' UT 84032']",40.5201701,-111.3750022,Success
42,1191 N Chimney Rock Road,"[' Heber City', ' UT 84032']",29.755262,-95.4770337,Success
420,942 N Explorer Peak,"[' Heber City', ' UT 84032']",40.5196062,-111.3750731,Success
421,914 N Explorer Peak,"[' Heber City', ' UT 84032']",40.5203874,-111.3752785,Success
422,886 N Explorer Peak,"[' Heber City', ' UT 84032']",40.5190154,-111.3746256,Success
423,1029 N Explorer Peak Drive,"[' Heber City', ' UT 84032']",40.520553,-111.3757729,Success
424,1067 N Explorer Peak Drive,"[' Heber City', ' UT 84032']",40.5208702,-111.3761063,Success
425,1097 N Explorer Peak Drive,"[' Heber City', ' UT 84032']",40.5215993,-111.3752719,Success
426,1125 N Explorer Peak Drive,"[' Heber City', ' UT 84032']",40.5218078,-111.3752723,Success
427,1153 N Explorer Peak Drive,"[' Heber City', ' UT 84032']",40.5222451,-111.3750998,Success
428,1193 N Explorer Peak Drive,"[' Heber City', ' UT 84032']",40.5225298,-111.3745275,Success
429,1251 N Explorer Peak Drive,"[' Heber City', ' UT 84032']",40.5228157,-111.3733983,Success
43,1215 N Chimney Rock Road,"[' Heber City', ' UT 84032']",50.0800384,-114.2390821,Success
430,1287 N Explorer Peak Drive,"[' Heber City', ' UT 84032']",40.523019,-111.377271,Success
431,1313 N Explorer Peak Drive,"[' Heber City', ' UT 84032']",40.5229557,-111.3734427,Success
432,1339 N Explorer Peak Drive,"[' Heber City', ' UT 84032']",40.5238441,-111.3780322,Success
433,1373 N Explorer Peak Drive,"[' Heber City', ' UT 84032']",40.524375,-111.3783648,Success
434,1445 N Explorer Peak Drive,"[' Heber City', ' UT 84032']",40.5229557,-111.3734427,Success
435,1455 N Explorer Peak Drive,"[' Heber City', ' UT 84032']",40.5229557,-111.3734427,Success
436,1465 N Explorer Peak Drive,"[' Heber City', ' UT 84032']",40.5248039,-111.3802306,Success
437,1483 N Explorer Peak Drive ,"[' Heber City', ' UT 84032']",40.5253998,-111.3803395,Success
438,1505 N Explorer Peak Drive ,"[' Heber City', ' UT 84032']",40.5229557,-111.3734427,Success
439,1527 N Explorer Peak Drive ,"[' Heber City', ' UT 84032']",40.5261902,-111.3800857,Success
44,1235 N Chimney Rock Road,"[' Heber City', ' UT 84032']",50.0800384,-114.2390821,Success
440,1553 N Explorer Peak Drive,"[' Heber City', ' UT 84032']",40.5265467,-111.3799672,Success
443,1452 N Chimney Rock Road,"[' Heber City', ' UT 84032']",,,Error: ZERO_RESULTS
444,1422 N Chimney Rock Road,"[' Heber City', ' UT 84032']",29.7526556,-95.4773601,Success
445,1396 N Chimney Rock Road,"[' Heber City', ' UT 84032']",29.7528896,-95.4776833,Success
446,1403 N Chimney Rock Road,"[' Heber City', ' UT 84032']",29.7535203,-95.4772692,Success
447,1433 N Chimney Rock Road,"[' Heber City', ' UT 84032']",29.7531608,-95.4767558,Success
448,1467 N Chimney Rock Road,"[' Heber City', ' UT 84032']",29.752782,-95.4767505,Success
449,1515 N Chimney Rock Road,"[' Heber City', ' UT 84032']",50.0800384,-114.2390821,Success
45,1261 N Chimney Rock Road,"[' Heber City', ' UT 84032']",29.7548778,-95.4770283,Success
450,1557 N Chimney Rock Road,"[' Heber City', ' UT 84032']",29.7518645,-95.4771949,Success
451,1548 N Explorer Peak Drive,"[' Heber City', ' UT 84032']",40.5264304,-111.3792257,Success
452,1524 N Explorer Peak Drive ,"[' Heber City', ' UT 84032']",40.525999,-111.379392,Success
453,1502 N Explorer Peak Drive ,"[' Heber City', ' UT 84032']",40.525601,-111.379429,Success
454,1458 N Explorer Peak Drive,"[' Heber City', ' UT 84032']",40.525069,-111.379534,Success
455,1322 N Explorer Peak Drive,"[' Heber City', ' UT 84032']",40.523865,-111.377209,Success
456,1282 N Explorer Peak Drive,"[' Heber City', ' UT 84032']",40.5234413,-111.3766721,Success
457,2388 E Boulder Top Way,"[' Heber City', ' UT 84032']",40.5228848,-111.3762704,Success
458,1174 N Explorer Peak Drive,"[' Heber City', ' UT 84032']",40.5221942,-111.3746208,Success
459,1106 N Explorer Peak Drive,"[' Heber City', ' UT 84032']",40.5213612,-111.3762054,Success
46,1289 N Chimney Rock Road,"[' Heber City', ' UT 84032']",29.754724,-95.4770261,Success
460,1054 N Explorer Peak Drive,"[' Heber City', ' UT 84032']",40.520908,-111.375546,Success
461,2452 E Boulder Top Way,"[' Heber City', ' UT 84032']",40.5233862,-111.375284,Success
462,2482 E Boulder Top Way,"[' Heber City', ' UT 84032']",40.5238753,-111.3748539,Success
463,2526 E Boulder Top Way,"[' Heber City', ' UT 84032']",40.5242726,-111.3741677,Success
464,2525 E Boulder Top Way ,"[' Heber City', ' UT 84032']",38.2453153,-111.3885211,Success
465,1357 N Gold Mountain Circle,"[' Heber City', ' UT 84032']",40.5241245,-111.3763888,Success
466,1387 N Gold Mountain Circle,"[' Heber City', ' UT 84032']",40.5245244,-111.3769351,Success
467,1417 N Gold Mountain Circle,"[' Heber City', ' UT 84032']",40.5248783,-111.3772901,Success
468,1447 N Gold Mountain Circle,"[' Heber City', ' UT 84032']",40.5252787,-111.3776763,Success
469,1483 N Gold Mountain Circle,"[' Heber City', ' UT 84032']",40.5253681,-111.3783823,Success
47,1320 N Chimney Rock Road,"[' Heber City', ' UT 84032']",50.0800384,-114.2390821,Success
470,1486 N Gold Mountain Circle,"[' Heber City', ' UT 84032']",40.5259235,-111.3784691,Success
471,1474 N Gold Mountain Circle,"[' Heber City', ' UT 84032']",40.526003,-111.377939,Success
472,1456 N Gold Mountain Circle,"[' Heber City', ' UT 84032']",40.525878,-111.377437,Success
473,1434 N Gold Mountain Circle,"[' Heber City', ' UT 84032']",40.5254289,-111.3771257,Success
474,1408 N Gold Mountain Circle,"[' Heber City', ' UT 84032']",40.5251367,-111.376803,Success
475,1378 N Gold Mountain Circle,"[' Heber City', ' UT 84032']",40.5247744,-111.3762136,Success
476,1352 N Gold Mountain Circle,"[' Heber City', ' UT 84032']",40.5243745,-111.3759083,Success
477,1316 N Gold Mountain Circle ,"[' Heber City', ' UT 84032']",40.5238952,-111.375489,Success
478,1397 N A1 Peak Drive,"[' Heber City', ' UT 84032']",,,Error: ZERO_RESULTS
479,1433 N A1 Peak Drive,"[' Heber City', ' UT 84032']",,,Error: ZERO_RESULTS
48,1315 N Chimney Rock Road,"[' Heber City', ' UT 84032']",50.0800384,-114.2390821,Success
480,1465 N A1 Peak Drive,"[' Heber City', ' UT 84032']",,,Error: ZERO_RESULTS
481,1485 N A1 Peak Drive,"[' Heber City', ' UT 84032']",,,Error: ZERO_RESULTS
482,1509 N A1 Peak Drive,"[' Heber City', ' UT 84032']",,,Error: ZERO_RESULTS
483,1380 N A1 Peak Drive,"[' Heber City', ' UT 84032']",,,Error: ZERO_RESULTS
484,1400 N A1 Peak Drive,"[' Heber City', ' UT 84032']",,,Error: ZERO_RESULTS
485,1426 N A1 Peak Drive,"[' Heber City', ' UT 84032']",,,Error: ZERO_RESULTS
486,1450 N A1 Peak Drive,"[' Heber City', ' UT 84032']",,,Error: ZERO_RESULTS
487,1482 N A1 Peak Drive,"[' Heber City', ' UT 84032']",,,Error: ZERO_RESULTS
488,1634 N A1 Peak Drive,"[' Heber City', ' UT 84032']",,,Error: ZERO_RESULTS
489,1652 N A1 Peak Drive,"[' Heber City', ' UT 84032']",,,Error: ZERO_RESULTS
49,1350 N Oquirrh Mountain Drive,"[' Heber City', ' UT 84032']",40.5236955,-111.3845196,Success
490,1668 N A1 Peak Drive,"[' Heber City', ' UT 84032']",,,Error: ZERO_RESULTS
491,1579 N A1 Peak Drive,"[' Heber City', ' UT 84032']",,,Error: ZERO_RESULTS
492,1601 N A1 Peak Drive,"[' Heber City', ' UT 84032']",,,Error: ZERO_RESULTS
493,1611 N A1 Peak Drive,"[' Heber City', ' UT 84032']",,,Error: ZERO_RESULTS
494,1619 N A1 Peak Drive,"[' Heber City', ' UT 84032']",,,Error: ZERO_RESULTS
495,1629 N A1 Peak Drive,"[' Heber City', ' UT 84032']",,,Error: ZERO_RESULTS
496,1639 N A1 Peak Drive,"[' Heber City', ' UT 84032']",,,Error: ZERO_RESULTS
497,1659 N A1 Peak Drive,"[' Heber City', ' UT 84032']",,,Error: ZERO_RESULTS
498,1687 N A1 Peak Drive ,"[' Heber City', ' UT 84032']",,,Error: ZERO_RESULTS
499,2432 E La Sal Peak Drive,"[' Heber City', ' UT 84032']",40.529163,-111.375749,Success
5,133 N Haystack Mountain Drive,"[' Heber City', ' UT 84032']",40.5097018,-111.3891944,Success
50,1316 N Oquirrh Mountain Drive,"[' Heber City', ' UT 84032']",40.5242489,-111.3832697,Success
500,2394 E La Sal Peak Drive,"[' Heber City', ' UT 84032']",40.529561,-111.37632,Success
501,2364 E La Sal Peak Drive,"[' Heber City', ' UT 84032']",40.5301806,-111.3766153,Success
502,2475 E La Sal Peak Drive,"[' Heber City', ' UT 84032']",40.5289505,-111.3743376,Success
503,2449 E La Sal Peak Drive,"[' Heber City', ' UT 84032']",40.5293619,-111.3746172,Success
504,2427 E La Sal Peak Drive,"[' Heber City', ' UT 84032']",40.5295168,-111.3753548,Success
505,2405 E La Sal Peak Drive,"[' Heber City', ' UT 84032']",40.5299557,-111.3753209,Success
506,2379 E La Sal Peak Drive,"[' Heber City', ' UT 84032']",40.530169,-111.376052,Success
507,2353 E La Sal Peak Drive,"[' Heber City', ' UT 84032']",40.530628,-111.376269,Success
508,2303 E La Sal Peak Drive,"[' Heber City', ' UT 84032']",40.530958,-111.377524,Success
509,2314 E La Sal Peak Drive,"[' Heber City', ' UT 84032']",40.530322,-111.377626,Success
51,1284 N Oquirrh Mountain Drive,"[' Heber City', ' UT 84032']",40.5242425,-111.3838491,Success
510,2284 E La Sal Peak Drive,"[' Heber City', ' UT 84032']",40.530624,-111.378326,Success
511,2246 E La Sal Peak Drive,"[' Heber City', ' UT 84032']",40.530995,-111.378726,Success
512,2208 E La Sal Peak Drive,"[' Heber City', ' UT 84032']",40.5314512,-111.3795171,Success
513,2182 E La Sal Peak Drive,"[' Heber City', ' UT 84032']",40.5315722,-111.3801696,Success
514,2146 E La Sal Peak Drive,"[' Heber City', ' UT 84032']",40.5323574,-111.3803274,Success
515,2112 E La Sal Peak Drive,"[' Heber City', ' UT 84032']",40.532703,-111.380751,Success
516,2207 E La Sal Peak Drive,"[' Heber City', ' UT 84032']",40.5318469,-111.3791618,Success
517,2173 E La Sal Peak Drive,"[' Heber City', ' UT 84032']",40.532053,-111.379627,Success
518,2151 E La Sal Peak Drive,"[' Heber City', ' UT 84032']",40.5323906,-111.3799964,Success
519,2127 E La Sal Peak Drive,"[' Heber City', ' UT 84032']",40.532903,-111.380193,Success
52,1254 N Oquirrh Mountain Drive,"[' Heber City', ' UT 84032']",40.5240234,-111.3841679,Success
520,1855 N Chimney Rock Road,"[' Heber City', ' UT 84032']",50.0800384,-114.2390821,Success
521,1771 N Chimney Rock Road,"[' Heber City', ' UT 84032']",29.7491896,-95.4768655,Success
522,710 N Pinto Knoll Circle,"[' Heber City', ' UT 84032']",40.5165768,-111.3660593,Success
523,680  Pinto Knoll Circle,"[' Heber City', ' UT 84032']",40.515992,-111.366118,Success
524,707 N Pinto Knoll Circle,"[' Heber City', ' UT 84032']",40.5162239,-111.3668278,Success
525,741 N Pinto Knoll Circle,"[' Heber City', ' UT 84032']",40.5165979,-111.3670239,Success
526,767 N Pinto Knoll Circle,"[' Heber City', ' UT 84032']",40.5168752,-111.3674056,Success
527,1689 N Chimney Rock Road,"[' Heber City', ' UT 84032']",29.7503032,-95.4767483,Success
528,1653 N Chimney Rock Road,"[' Heber City', ' UT 84032']",29.7508487,-95.4769476,Success
529,1621 N Chimney Rock Road,"[' Heber City', ' UT 84032']",29.7512742,-95.4769888,Success
53,1230 N Oquirrh Mountain Drive,"[' Heber City', ' UT 84032']",40.523565,-111.384423,Success
530,1606 N Chimney Rock Road ,"[' Heber City', ' UT 84032']",29.7512583,-95.4771003,Success
531,1644 N Chimney Rock Road,"[' Heber City', ' UT 84032']",29.7504866,-95.47745,Success
532,1703 N Chimney Rock Road,"[' Heber City', ' UT 84032']",29.7499607,-95.4767493,Success
533,1760 N Chimney Rock Road,"[' Heber City', ' UT 84032']",50.0800384,-114.2390821,Success
534,1788 N Chimney Rock Road,"[' Heber City', ' UT 84032']",29.7489771,-95.4774885,Success
535,1832 N Chimney Rock Road,"[' Heber City', ' UT 84032']",29.7473758,-95.4775857,Success
536,1878 N Chimney Rock Road,"[' Heber City', ' UT 84032']",29.7468891,-95.4775994,Success
537,1918 N Chimney Rock Road,"[' Heber City', ' UT 84032']",29.7459692,-95.477279,Success
538,2026 N Lookout Peak Circle,"[' Heber City', ' UT 84032']",40.532351,-111.382264,Success
539,1998 N Lookout Peak Circle,"[' Heber City', ' UT 84032']",40.532053,-111.382671,Success
54,1206 N Oquirrh Mountain Drive,"[' Heber City', ' UT 84032']",40.5230853,-111.3847345,Success
540,1964 N Lookout Peak Circle,"[' Heber City', ' UT 84032']",40.5316838,-111.3833266,Success
541,1932 N Lookout Peak Circle,"[' Heber City', ' UT 84032']",40.5311814,-111.3832156,Success
542,1908 N Lookout Peak Circle,"[' Heber City', ' UT 84032']",40.5306752,-111.3830636,Success
543,1891 N Lookout Peak Circle,"[' Heber City', ' UT 84032']",40.530297,-111.3833415,Success
544,1903 N Lookout Peak Circle,"[' Heber City', ' UT 84032']",40.5305287,-111.3838213,Success
545,1925 N Lookout Peak Circle,"[' Heber City', ' UT 84032']",40.5310517,-111.3838146,Success
546,2420 E Boulder Top Way,"[' Heber City', ' UT 84032']",40.5231855,-111.3759073,Success
547,1947 N Lookout Peak Circle,"[' Heber City', ' UT 84032']",40.5315,-111.3838976,Success
548,1971 N Lookout Peak Circle,"[' Heber City', ' UT 84032']",40.53195,-111.3839563,Success
549,1987 N Lookout Peak Circle,"[' Heber City', ' UT 84032']",40.532346,-111.383484,Success
55,1188 N Oquirrh Mountain Drive,"[' Heber City', ' UT 84032']",40.522763,-111.3843938,Success
550,2005 N Lookout Peak Circle,"[' Heber City', ' UT 84032']",40.5326614,-111.3832196,Success
551,1664 N A1 Peak Circle,"[' Heber City', ' UT 84032']",40.5277674,-111.3751011,Success
552,1636 N A1 Peak Circle,"[' Heber City', ' UT 84032']",40.527581,-111.374583,Success
553,1612 N A1 Peak Circle,"[' Heber City', ' UT 84032']",40.5274419,-111.373659,Success
554,1602 N A1 Peak Circle,"[' Heber City', ' UT 84032']",40.5271794,-111.3733847,Success
555,1588 N A1 Peak Circle,"[' Heber City', ' UT 84032']",40.5268219,-111.3733665,Success
556,1578 N A1 Peak Circle,"[' Heber City', ' UT 84032']",40.5265124,-111.3732322,Success
557,1568 N A1 Peak Circle,"[' Heber City', ' UT 84032']",40.5264222,-111.3738544,Success
558,1556 N A1 Peak Circle,"[' Heber City', ' UT 84032']",40.5264178,-111.3742979,Success
559,1542 N A1 Peak Circle,"[' Heber City', ' UT 84032']",40.5264755,-111.374735,Success
56,1166 N Oquirrh Mountain Drive,"[' Heber City', ' UT 84032']",40.5222621,-111.3847577,Success
560,1532 N A1 Peak Circle,"[' Heber City', ' UT 84032']",40.526624,-111.3753718,Success
561,1657 N A1 Peak Circle,"[' Heber City', ' UT 84032']",40.5274314,-111.3756972,Success
562,1533 N A1 Peak Circle ,"[' Heber City', ' UT 84032']",40.5268427,-111.3749779,Success
563,1547 N A1 Peak Circle ,"[' Heber City', ' UT 84032']",40.5266995,-111.3747097,Success
564,1591 N A1 Peak Circle,"[' Heber City', ' UT 84032']",40.5270463,-111.3736722,Success
565,1111 N Explorer Peak Circle,"[' Heber City', ' UT 84032']",40.5215992,-111.3752644,Success
566,1147 N Explorer Peak Circle,"[' Heber City', ' UT 84032']",40.5221766,-111.3751353,Success
567,1175 N Explorer Peak Circle,"[' Heber City', ' UT 84032']",40.522568,-111.37483,Success
568,1213 N Explorer Peak Circle,"[' Heber City', ' UT 84032']",40.522667,-111.3743174,Success
569,1239 N Explorer Peak Circle,"[' Heber City', ' UT 84032']",40.5228705,-111.3738522,Success
57,1146 N Oquirrh Mountain Drive,"[' Heber City', ' UT 84032']",40.521875,-111.384417,Success
570,1257 N Explorer Peak Circle,"[' Heber City', ' UT 84032']",40.523302,-111.3732488,Success
571,1254 N Explorer Peak Circle,"[' Heber City', ' UT 84032']",40.522712,-111.37313,Success
572,1236 N Explorer Peak Circle,"[' Heber City', ' UT 84032']",40.5226203,-111.373892,Success
573,1192 N Explorer Peak Circle,"[' Heber City', ' UT 84032']",40.522342,-111.3743751,Success
574,1138 N Explorer Peak Circle,"[' Heber City', ' UT 84032']",40.521936,-111.3749661,Success
575,1094 N Explorer Peak Circle,"[' Heber City', ' UT 84032']",40.521456,-111.3749915,Success
576,1064 N Explorer Peak Circle,"[' Heber City', ' UT 84032']",40.521045,-111.3749767,Success
577,1028 N Explorer Peak Circle,"[' Heber City', ' UT 84032']",40.5205688,-111.3749171,Success
578,2566 E Boulder Top Way,"[' Heber City', ' UT 84032']",40.524162,-111.373272,Success
579,2676 E Boulder Top Loop ,"[' Heber City', ' UT 84032']",40.5207405,-111.3710436,Success
58,1126 N Oquirrh Mountain Drive,"[' Heber City', ' UT 84032']",40.5214307,-111.3847645,Success
580,2684 E Boulder Top Loop,"[' Heber City', ' UT 84032']",40.5234501,-111.3722902,Success
581,2694 E Boulder Top Loop,"[' Heber City', ' UT 84032']",40.5230294,-111.3724518,Success
582,2704 E Boulder Top Loop,"[' Heber City', ' UT 84032']",40.5224453,-111.3723618,Success
583,2712 E Boulder Top Loop,"[' Heber City', ' UT 84032']",40.5219338,-111.3720503,Success
584,2718 E Boulder Top Loop,"[' Heber City', ' UT 84032']",40.5215149,-111.3719646,Success
585,2726 E Boulder Top Loop,"[' Heber City', ' UT 84032']",40.5211013,-111.3717701,Success
586,2732 E Boulder Top Loop,"[' Heber City', ' UT 84032']",40.5208044,-111.3715552,Success
587,2738 E Boulder Top Loop,"[' Heber City', ' UT 84032']",40.5206181,-111.3711622,Success
588,2742 E Boulder Top Loop,"[' Heber City', ' UT 84032']",40.5206213,-111.3707782,Success
589,2746 E Boulder Top Loop,"[' Heber City', ' UT 84032']",40.5208211,-111.3704499,Success
59,1106 N Oquirrh Mountain Drive,"[' Heber City', ' UT 84032']",40.5210356,-111.3847598,Success
590,2754 E Boulder Top Loop,"[' Heber City', ' UT 84032']",40.5212354,-111.3701635,Success
591,2762 E Boulder Top Loop,"[' Heber City', ' UT 84032']",40.5216461,-111.3698864,Success
592,2772 E Boulder Top Loop,"[' Heber City', ' UT 84032']",40.5220675,-111.3695998,Success
593,2778 E Boulder Top Loop,"[' Heber City', ' UT 84032']",40.5223853,-111.3691445,Success
594,2784 E Boulder Top Loop,"[' Heber City', ' UT 84032']",40.5227606,-111.3693504,Success
595,2794 E Boulder Top Loop ,"[' Heber City', ' UT 84032']",40.5232971,-111.3696068,Success
596,758 N Pinto Knoll Circle,"[' Heber City', ' UT 84032']",40.517183,-111.366652,Success
597,2577 E La Sal Peak Drive,"[' Heber City', ' UT 84032']",40.529079,-111.373013,Success
598,2605 E La Sal Peak Drive,"[' Heber City', ' UT 84032']",40.528891,-111.372463,Success
599,2627 E La Sal Peak Drive,"[' Heber City', ' UT 84032']",40.5285151,-111.372078,Success
6,100 N Haystack Mountain Drive,"[' Heber City', ' UT 84032']",40.5141987,-111.3883995,Success
60,1090 N Oquirrh Mountain Drive,"[' Heber City', ' UT 84032']",40.5206874,-111.384504,Success
600,2653 E La Sal Peak Drive,"[' Heber City', ' UT 84032']",40.528712,-111.371309,Success
601,2677 E La Sal Peak Drive,"[' Heber City', ' UT 84032']",40.527967,-111.37113,Success
602,2737 E La Sal Peak Drive,"[' Heber City', ' UT 84032']",40.528358,-111.370336,Success
603,2771 E La Sal Peak Drive,"[' Heber City', ' UT 84032']",40.527806,-111.369574,Success
604,2799 E La Sal Peak Drive,"[' Heber City', ' UT 84032']",40.527223,-111.3693794,Success
605,2839 E La Sal Peak Drive,"[' Heber City', ' UT 84032']",40.526807,-111.369099,Success
606,2877 E La Sal Peak Drive,"[' Heber City', ' UT 84032']",40.526971,-111.368271,Success
607,2905 E La Sal Peak Drive,"[' Heber City', ' UT 84032']",40.526797,-111.367648,Success
608,2935 E La Sal Peak Drive,"[' Heber City', ' UT 84032']",40.526677,-111.366947,Success
609,2963 E La Sal Peak Drive,"[' Heber City', ' UT 84032']",40.525847,-111.3669049,Success
61,1080 N Oquirrh Mountain Drive,"[' Heber City', ' UT 84032']",40.520222,-111.384678,Success
610,2993 E La Sal Peak Drive,"[' Heber City', ' UT 84032']",40.5256033,-111.3663588,Success
611,3019 E La Sal Peak Drive,"[' Heber City', ' UT 84032']",40.5252959,-111.3659472,Success
612,3016 E Boulder Top Way,"[' Heber City', ' UT 84032']",40.524681,-111.366686,Success
613,2978 E Boulder Top Way,"[' Heber City', ' UT 84032']",40.524769,-111.367361,Success
614,2937 E Boulder Top Way,"[' Heber City', ' UT 84032']",38.2453153,-111.3885211,Success
615,3002 E La Sal Peak Drive ,"[' Heber City', ' UT 84032']",40.5254057,-111.366421,Success
616,2972 E La Sal Peak Drive ,"[' Heber City', ' UT 84032']",40.5255579,-111.3667375,Success
617,2946 E La Sal Peak Drive,"[' Heber City', ' UT 84032']",40.525737,-111.367827,Success
618,2792 E La Sal Peak Drive,"[' Heber City', ' UT 84032']",40.527032,-111.369856,Success
619,2744 E La Sal Peak Drive,"[' Heber City', ' UT 84032']",40.5274656,-111.3703669,Success
62,1070 N Oquirrh Mountain Drive,"[' Heber City', ' UT 84032']",40.5202214,-111.385284,Success
620,2714 E La Sal Peak Drive,"[' Heber City', ' UT 84032']",40.527172,-111.371273,Success
621,2694 E La Sal Peak Drive,"[' Heber City', ' UT 84032']",40.527676,-111.371725,Success
622,2634 E La Sal Peak Drive,"[' Heber City', ' UT 84032']",40.5283134,-111.3720266,Success
623,2598 E La Sal Peak Drive,"[' Heber City', ' UT 84032']",40.528163,-111.372825,Success
624,2564 E La Sal Peak Drive,"[' Heber City', ' UT 84032']",40.528475,-111.373321,Success
625,2635 E Boulder Top Way,"[' Heber City', ' UT 84032']",40.5247233,-111.371789,Success
626,2687 E Boulder Top Way,"[' Heber City', ' UT 84032']",40.524351,-111.371337,Success
627,2743 E Boulder Top Way,"[' Heber City', ' UT 84032']",40.5237769,-111.3707254,Success
628,2811 E Boulder Top Way,"[' Heber City', ' UT 84032']",40.5237258,-111.3698075,Success
629,1381 N Monroe Peak Circle ,"[' Heber City', ' UT 84032']",40.5244627,-111.3690808,Success
63,1060 N Oquirrh Mountain Drive,"[' Heber City', ' UT 84032']",40.5200643,-111.3856928,Success
630,1419 N Monroe Peak Circle,"[' Heber City', ' UT 84032']",40.5245734,-111.3700704,Success
631,1435 N Monroe Peak Circle,"[' Heber City', ' UT 84032']",40.5249346,-111.3704799,Success
632,1451 N Monroe Peak Circle,"[' Heber City', ' UT 84032']",40.5251063,-111.3711169,Success
633,1457 N Monroe Peak Circle,"[' Heber City', ' UT 84032']",40.5254177,-111.3708368,Success
634,1458 N Monroe Peak Circle,"[' Heber City', ' UT 84032']",40.5256009,-111.3705974,Success
635,1456 N Monroe Peak Circle,"[' Heber City', ' UT 84032']",40.5252976,-111.3703819,Success
636,1428 N Monroe Peak Circle,"[' Heber City', ' UT 84032']",40.5249164,-111.3701953,Success
637,1392 N Monroe Peak Circle,"[' Heber City', ' UT 84032']",40.5247464,-111.3692831,Success
638,1372 N Monroe Peak Circle ,"[' Heber City', ' UT 84032']",40.5244384,-111.3687247,Success
639,1343 N Monroe Peak Circle,"[' Heber City', ' UT 84032']",40.523776,-111.3687167,Success
64,1075 N Oquirrh Mountain Drive,"[' Heber City', ' UT 84032']",40.520752,-111.385507,Success
640,1313 N Monroe Peak Circle,"[' Heber City', ' UT 84032']",40.5236654,-111.3678021,Success
641,1261 N Monroe Peak Circle,"[' Heber City', ' UT 84032']",40.5236144,-111.3670558,Success
643,1256 N Monroe Peak Circle,"[' Heber City', ' UT 84032']",40.5234261,-111.366613,Success
644,1274 N Monroe Peak Circle ,"[' Heber City', ' UT 84032']",40.5239407,-111.3668865,Success
645,1292 N Monroe Peak Circle ,"[' Heber City', ' UT 84032']",40.5240986,-111.3674609,Success
646,1326 N Monroe Peak Circle ,"[' Heber City', ' UT 84032']",40.5237873,-111.3682358,Success
647,2898 E La Sal Peak Drive ,"[' Heber City', ' UT 84032']",40.5259065,-111.367598,Success
648,2846 E La Sal Peak Drive ,"[' Heber City', ' UT 84032']",40.5270511,-111.3698302,Success
649,1472 N Red Castle Circle,"[' Heber City', ' UT 84032']",40.525305,-111.368355,Success
65,1111 N Oquirrh Mountain Drive,"[' Heber City', ' UT 84032']",40.521129,-111.385408,Success
650,1481 N Red Castle Circle,"[' Heber City', ' UT 84032']",40.525408,-111.369144,Success
651,1507 N Red Castle Circle,"[' Heber City', ' UT 84032']",40.525772,-111.369537,Success
652,1531 N Red Castle Circle,"[' Heber City', ' UT 84032']",40.526175,-111.370059,Success
653,1545 N Red Castle Circle,"[' Heber City', ' UT 84032']",40.5266229,-111.3700819,Success
654,2519 E La Sal Peak Drive,"[' Heber City', ' UT 84032']",40.528534,-111.374131,Success
655,1311 N Granite Peak Way,"[' Heber City', ' UT 84032']",32.4708221,-111.0110088,Success
656,1307 N Granite Peak Way,"[' Heber City', ' UT 84032']",39.6577546,-84.2659757,Success
657,1303 N Granite Peak Way,"[' Heber City', ' UT 84032']",39.6578423,-84.2660378,Success
658,1299 N Granite Peak Way,"[' Heber City', ' UT 84032']",39.6579408,-84.2661276,Success
659,1295 N Granite Peak Way,"[' Heber City', ' UT 84032']",39.6579915,-84.2661433,Success
66,1131 N Oquirrh Mountain Drive,"[' Heber City', ' UT 84032']",40.5214559,-111.3850805,Success
660,1261 N Granite Peak Way,"[' Heber City', ' UT 84032']",39.658557,-84.2668613,Success
661,1257 N Granite Peak Way,"[' Heber City', ' UT 84032']",39.6585665,-84.266954,Success
662,1253 N Granite Peak Way,"[' Heber City', ' UT 84032']",39.6585759,-84.2670467,Success
663,1249 N Granite Peak Way,"[' Heber City', ' UT 84032']",39.6585837,-84.2671678,Success
664,1245 N Granite Peak Way,"[' Heber City', ' UT 84032']",32.4708221,-111.0110088,Success
665,1207 N Granite Peak Way,"[' Heber City', ' UT 84032']",,,Error: ZERO_RESULTS
666,1203 N Granite Peak Way,"[' Heber City', ' UT 84032']",39.6586224,-84.267995,Success
667,1199 N Granite Peak Way,"[' Heber City', ' UT 84032']",,,Error: ZERO_RESULTS
668,1195 N Granite Peak Way,"[' Heber City', ' UT 84032']",39.6586224,-84.267995,Success
669,1191 N Granite Peak Way,"[' Heber City', ' UT 84032']",39.6586224,-84.267995,Success
67,1147 N Oquirrh Mountain Drive,"[' Heber City', ' UT 84032']",40.521937,-111.3854,Success
670,1155 N Granite Peak Way,"[' Heber City', ' UT 84032']",61.7107206,-148.8621048,Success
671,1151 N Granite Peak Way,"[' Heber City', ' UT 84032']",,,Error: ZERO_RESULTS
672,1147 N Granite Peak Way,"[' Heber City', ' UT 84032']",,,Error: ZERO_RESULTS
673,1143 N Granite Peak Way,"[' Heber City', ' UT 84032']",39.6586224,-84.267995,Success
674,1139 N Granite Peak Way,"[' Heber City', ' UT 84032']",,,Error: ZERO_RESULTS
675,1127 N Granite Peak Way,"[' Heber City', ' UT 84032']",33.8305964,-84.1117161,Success
676,2736 E Granite Peak Drive,"[' Heber City', ' UT 84032']",45.6657264,-111.1371983,Success
677,2738 E Granite Peak Drive,"[' Heber City', ' UT 84032']",45.6657264,-111.1371983,Success
678,2742 E Granite Peak Drive,"[' Heber City', ' UT 84032']",45.6657264,-111.1371983,Success
679,2744 E Granite Peak Drive,"[' Heber City', ' UT 84032']",45.6657264,-111.1371983,Success
68,1171 N Oquirrh Mountain Drive,"[' Heber City', ' UT 84032']",40.5223797,-111.3854224,Success
680,2746 E Granite Peak Drive,"[' Heber City', ' UT 84032']",45.6657264,-111.1371983,Success
681,2752 E Granite Peak Drive,"[' Heber City', ' UT 84032']",45.6657264,-111.1371983,Success
682,2754 E Granite Peak Drive,"[' Heber City', ' UT 84032']",45.6657264,-111.1371983,Success
683,2756 E Granite Peak Drive,"[' Heber City', ' UT 84032']",45.6657264,-111.1371983,Success
684,2758 E Granite Peak Drive,"[' Heber City', ' UT 84032']",45.6657264,-111.1371983,Success
685,1194 N Granite Peak Way,"[' Heber City', ' UT 84032']",39.6581571,-84.2683931,Success
686,1204 N Granite Peak Way,"[' Heber City', ' UT 84032']",,,Error: ZERO_RESULTS
687,1218 N Granite Peak Way,"[' Heber City', ' UT 84032']",39.6581391,-84.2680105,Success
688,1228 N Granite Peak Way,"[' Heber City', ' UT 84032']",,,Error: ZERO_RESULTS
689,1242 N Granite Peak Way,"[' Heber City', ' UT 84032']",39.6581171,-84.2673806,Success
69,1187 N Oquirrh Mountain Drive,"[' Heber City', ' UT 84032']",40.5226865,-111.3851002,Success
690,1252 N Granite Peak Way,"[' Heber City', ' UT 84032']",39.6580978,-84.2671636,Success
691,1268 N Granite Peak Way,"[' Heber City', ' UT 84032']",39.6580671,-84.266913,Success
692,1276 N Granite Peak Way,"[' Heber City', ' UT 84032']",39.6582223,-84.2666506,Success
693,1292 N Granite Peak Way,"[' Heber City', ' UT 84032']",39.6578057,-84.2667444,Success
694,1308 N Granite Peak Way,"[' Heber City', ' UT 84032']",39.6575162,-84.266539,Success
7,108 N Haystack Mountain Drive,"[' Heber City', ' UT 84032']",40.5141987,-111.3883995,Success
70,1207 N Oquirrh Mountain Drive,"[' Heber City', ' UT 84032']",40.523142,-111.385437,Success
707a,2492 E Red Knob Way,"[' Heber City', ' UT 84032']",40.5149385,-111.3752721,Success
708,2458 E Red Knob Way,"[' Heber City', ' UT 84032']",40.5149385,-111.3752721,Success
709,2343 E Copper Belt Way,"[' Heber City', ' UT 84032']",40.5092624,-111.3771235,Success
71,1225 N Oquirrh Mountain Drive,"[' Heber City', ' UT 84032']",40.5235883,-111.3853529,Success
710,2381 E Copper Belt Way,"[' Heber City', ' UT 84032']",40.5092461,-111.376724,Success
711,2407 E Copper Belt Way,"[' Heber City', ' UT 84032']",40.5092092,-111.3763409,Success
712,2433 E Copper Belt Way,"[' Heber City', ' UT 84032']",40.5091772,-111.3759072,Success
714,2483 E Copper Belt Way,"[' Heber City', ' UT 84032']",40.5092565,-111.3752683,Success
715,2495 E Copper Belt Way,"[' Heber City', ' UT 84032']",40.5095666,-111.3752848,Success
716,2497 E Copper Belt Way,"[' Heber City', ' UT 84032']",40.5098364,-111.3752775,Success
717,2496 E Copper Belt Way,"[' Heber City', ' UT 84032']",40.5088609,-111.3749539,Success
718,2474 E Copper Belt Way,"[' Heber City', ' UT 84032']",40.508707,-111.375329,Success
719,2452 E Copper Belt Way,"[' Heber City', ' UT 84032']",40.5087113,-111.375681,Success
72,1245 N Oquirrh Mountain Drive,"[' Heber City', ' UT 84032']",40.5239295,-111.3849728,Success
720,2426 E Copper Belt Way,"[' Heber City', ' UT 84032']",40.5088871,-111.3761308,Success
721,2402 E Copper Belt Way,"[' Heber City', ' UT 84032']",40.5089269,-111.376496,Success
722,2384 E Copper Belt Way,"[' Heber City', ' UT 84032']",40.5089438,-111.3768456,Success
723,2358 E Copper Belt Way,"[' Heber City', ' UT 84032']",40.508819,-111.37711,Success
724,2346 E Copper Belt Way,"[' Heber City', ' UT 84032']",40.5088115,-111.3774152,Success
725,2332 E Copper Belt Way ,"[' Heber City', ' UT 84032']",40.5090431,-111.3775169,Success
726,2093 E Flat Top Mountain Drive,"[' Heber City', ' UT 84032']",40.5203005,-111.3813091,Success
727,2121 E Flat Top Mountain Drive,"[' Heber City', ' UT 84032']",40.520163,-111.3808176,Success
728,2145 E Flat Top Mountain Drive,"[' Heber City', ' UT 84032']",40.5199722,-111.3799551,Success
729,901 N Copper Belt Drive,"[' Heber City', ' UT 84032']",40.5159965,-111.3789157,Success
73,1261 N Oquirrh Mountain Drive,"[' Heber City', ' UT 84032']",40.52435,-111.38536,Success
730,875 N Copper Belt Drive,"[' Heber City', ' UT 84032']",40.5159965,-111.3789157,Success
731,853 N Copper Belt Drive,"[' Heber City', ' UT 84032']",40.5178694,-111.3798699,Success
732,827 N Copper Belt Drive,"[' Heber City', ' UT 84032']",40.5173308,-111.379442,Success
733,799 N Copper Belt Drive,"[' Heber City', ' UT 84032']",40.5170073,-111.3788549,Success
734,769 N Copper Belt Drive,"[' Heber City', ' UT 84032']",40.5166362,-111.3786112,Success
735,735 N Copper Belt Drive,"[' Heber City', ' UT 84032']",40.5159965,-111.3789157,Success
736,693 N Copper Belt Drive ,"[' Heber City', ' UT 84032']",40.5159965,-111.3789157,Success
737,657 N Copper Belt Drive ,"[' Heber City', ' UT 84032']",40.5156557,-111.3785935,Success
738,625 N Copper Belt Drive ,"[' Heber City', ' UT 84032']",40.5150587,-111.3793561,Success
739,689 N Copper Belt Circle,"[' Heber City', ' UT 84032']",40.5165764,-111.3793157,Success
74,1265 N Oquirrh Mountain Drive,"[' Heber City', ' UT 84032']",40.5247784,-111.3853424,Success
740,687 N Copper Belt Circle,"[' Heber City', ' UT 84032']",40.516118,-111.3793348,Success
741,671 N Copper Belt Circle,"[' Heber City', ' UT 84032']",40.5157913,-111.3793719,Success
742,655 N Copper Belt Circle,"[' Heber City', ' UT 84032']",40.5154083,-111.3794065,Success
743,633 N Copper Belt Circle,"[' Heber City', ' UT 84032']",40.5150195,-111.3794533,Success
744,575 N Copper Belt Drive,"[' Heber City', ' UT 84032']",40.5145798,-111.3772543,Success
745,756 N Copper Belt Drive,"[' Heber City', ' UT 84032']",40.5167157,-111.3777182,Success
746,726 N Copper Belt Drive,"[' Heber City', ' UT 84032']",40.516355,-111.377494,Success
747,702 N Copper Belt Drive,"[' Heber City', ' UT 84032']",40.5159965,-111.3789157,Success
75,1275 N Oquirrh Mountain Drive,"[' Heber City', ' UT 84032']",40.5248083,-111.3845487,Success
758,2243 E Copper Belt Drive,"[' Heber City', ' UT 84032']",40.50906,-111.3788642,Success
759,2203 E Copper Belt Drive,"[' Heber City', ' UT 84032']",40.5090931,-111.3794242,Success
76,1285 N Oquirrh Mountain Drive,"[' Heber City', ' UT 84032']",40.52467,-111.3841119,Success
760,2171 E Copper Belt Drive,"[' Heber City', ' UT 84032']",40.5092157,-111.3799352,Success
761,2143 E Copper Belt Drive,"[' Heber City', ' UT 84032']",40.509486,-111.380482,Success
762,2113 E Copper Belt Drive ,"[' Heber City', ' UT 84032']",40.5094025,-111.3810259,Success
763,2108 E Signal Peak Court,"[' Heber City', ' UT 84032']",40.5078331,-111.3820504,Success
764,2144 E Signal Peak Court,"[' Heber City', ' UT 84032']",40.5100953,-111.380864,Success
765,2172 E Signal Peak Court,"[' Heber City', ' UT 84032']",40.5100232,-111.3803187,Success
766,2194 E Signal Peak Court,"[' Heber City', ' UT 84032']",40.5099372,-111.3798214,Success
767,2212 E Signal Peak Court,"[' Heber City', ' UT 84032']",40.5097903,-111.3793759,Success
768,2220 E Signal Peak Court,"[' Heber City', ' UT 84032']",40.5099801,-111.3788914,Success
769,2215 E Signal Peak Court,"[' Heber City', ' UT 84032']",40.5103668,-111.3789544,Success
77,2180 E Flat Top Mountain Drive,"[' Heber City', ' UT 84032']",40.5191011,-111.3800101,Success
770,2205 E Signal Peak Court,"[' Heber City', ' UT 84032']",40.5104894,-111.379458,Success
771,2181 E Signal Peak Court,"[' Heber City', ' UT 84032']",40.5105384,-111.3800782,Success
772,306 N Signal Peak Circle,"[' Heber City', ' UT 84032']",40.5114448,-111.3808394,Success
773,310 N Signal Peak Circle,"[' Heber City', ' UT 84032']",40.5114134,-111.3812316,Success
774,303 N Signal Peak Circle,"[' Heber City', ' UT 84032']",40.5112241,-111.3815777,Success
775,285 N Signal Peak Circle,"[' Heber City', ' UT 84032']",40.5110085,-111.3817968,Success
776,259 N Signal Peak Circle ,"[' Heber City', ' UT 84032']",40.5106453,-111.3817559,Success
777,2111 E Signal Peak Court,"[' Heber City', ' UT 84032']",40.5102406,-111.3819746,Success
778,2105 E Signal Peak Court,"[' Heber City', ' UT 84032']",40.5097477,-111.3819724,Success
779,2041 E Copper Belt Drive,"[' Heber City', ' UT 84032']",40.5091576,-111.3823037,Success
78,2220 East Flat Top Mountain Drive,"[' Heber City', ' UT 84032']",40.518824,-111.379518,Success
780,2078 E Copper Belt Drive,"[' Heber City', ' UT 84032']",40.5090294,-111.3814276,Success
781,2072 E Copper Belt Drive,"[' Heber City', ' UT 84032']",40.5088859,-111.3814873,Success
782,2052 E Copper Belt Drive,"[' Heber City', ' UT 84032']",40.508985,-111.3819265,Success
783,2028 E Copper Belt Drive,"[' Heber City', ' UT 84032']",40.5088702,-111.3822231,Success
789,2090 East Flat Top Mountain Drive,"[' Heber City', ' UT 84032']",40.5197798,-111.3812619,Success
79,2201 E Flat Top Mountain Drive,"[' Heber City', ' UT 84032']",40.5194626,-111.3791527,Success
790,2114 East Flat Top Mountain Drive,"[' Heber City', ' UT 84032']",40.519694,-111.380942,Success
791,2140 E Flat Top Mountain Drive,"[' Heber City', ' UT 84032']",40.5195501,-111.3805798,Success
792,2166 East Flat Top Mountain Drive,"[' Heber City', ' UT 84032']",40.5192974,-111.3802878,Success
797,3092 E Red Knob Way,"[' Heber City', ' UT 84032']",40.5149385,-111.3752721,Success
798,3106 E Red Knob Way (Jill),"[' Heber City', ' UT 84032']",40.5149385,-111.3752721,Success
8,116 N Haystack Mountain Drive,"[' Heber City', ' UT 84032']",40.5103952,-111.3893371,Success
80,2265 E Flat Top Mountain Drive,"[' Heber City', ' UT 84032']",40.5187817,-111.3783647,Success
800,3023 E Red Knob Way,"[' Heber City', ' UT 84032']",40.5149385,-111.3752721,Success
801,3045 E Red Knob Way,"[' Heber City', ' UT 84032']",40.5149385,-111.3752721,Success
802,3147 E Red Knob Way,"[' Heber City', ' UT 84032']",40.5149385,-111.3752721,Success
803,3067 E Red Knob Way (Austin),"[' Heber City', ' UT 84032']",30.267153,-97.7430608,Success
81,2303 E Flat Top Mountain Drive,"[' Heber City', ' UT 84032']",40.5178485,-111.3780065,Success
814,3195 E Red Knob Way,"[' Heber City', ' UT 84032']",40.5149385,-111.3752721,Success
815,3221 E Red Knob Way,"[' Heber City', ' UT 84032']",40.5149385,-111.3752721,Success
816,3247 E Red Knob Way,"[' Heber City', ' UT 84032']",40.5149385,-111.3752721,Success
817,3261 E Red Knob Way,"[' Heber City', ' UT 84032']",40.5149385,-111.3752721,Success
818,3277 E Red Knob Way,"[' Heber City', ' UT 84032']",40.5149385,-111.3752721,Success
819,3297 E Red Knob Way,"[' Heber City', ' UT 84032']",40.5149385,-111.3752721,Success
82,2333 E Flat Top Mountain Drive,"[' Heber City', ' UT 84032']",40.5176301,-111.3772123,Success
820,3319 E Red Knob Way,"[' Heber City', ' UT 84032']",40.5149385,-111.3752721,Success
821,3341 E Red Knob Way,"[' Heber City', ' UT 84032']",40.5149385,-111.3752721,Success
822,3371 E Red Knob Way,"[' Heber City', ' UT 84032']",40.5149385,-111.3752721,Success
823,3389 E Red Knob Way,"[' Heber City', ' UT 84032']",40.5149385,-111.3752721,Success
824,3421 E Red Knob Way,"[' Heber City', ' UT 84032']",40.5149385,-111.3752721,Success
825,3172 E Red Knob Way,"[' Heber City', ' UT 84032']",40.5149385,-111.3752721,Success
826,3198 E Red Knob Way,"[' Heber City', ' UT 84032']",40.5149385,-111.3752721,Success
827,3212 E Red Knob Way (Shauna),"[' Heber City', ' UT 84032']",40.5149385,-111.3752721,Success
828,3224 E Red Knob Way,"[' Heber City', ' UT 84032']",40.5149385,-111.3752721,Success
829,3238 E Red Knob Way,"[' Heber City', ' UT 84032']",40.5149385,-111.3752721,Success
83,2355 E Flat Top Mountain Drive,"[' Heber City', ' UT 84032']",40.5171701,-111.3765149,Success
84,2383 E Flat Top Mountain Drive,"[' Heber City', ' UT 84032']",40.5166215,-111.3762059,Success
85,2270 E Flat Top Mountain Drive,"[' Heber City', ' UT 84032']",40.5184254,-111.3785063,Success
86,2286 E Flat Top Mountain Drive,"[' Heber City', ' UT 84032']",40.5181239,-111.3787149,Success
87,2296 E Flat Top Mountain Drive,"[' Heber City', ' UT 84032']",40.5178271,-111.3786982,Success
876,3266 E Red Knob Way,"[' Heber City', ' UT 84032']",40.5149385,-111.3752721,Success
877,3284 E Red Knob Way,"[' Heber City', ' UT 84032']",40.5149385,-111.3752721,Success
878,3304 E Red Knob Way,"[' Heber City', ' UT 84032']",40.5149385,-111.3752721,Success
88,2306 E Flat Top Mountain Drive,"[' Heber City', ' UT 84032']",40.5175709,-111.3784888,Success
89,2314 E Flat Top Mountain Drive,"[' Heber City', ' UT 84032']",40.517368,-111.3781939,Success
895,3362 E Red Knob Way,"[' Heber City', ' UT 84032']",40.5149385,-111.3752721,Success
896,3382 E Red Knob Way,"[' Heber City', ' UT 84032']",40.5149385,-111.3752721,Success
897,3408 E Red Knob Way,"[' Heber City', ' UT 84032']",40.5149385,-111.3752721,Success
898,3428 E Red Knob Way,"[' Heber City', ' UT 84032']",40.5149385,-111.3752721,Success
899,3417 E Boulder Top Way,"[' Heber City', ' UT 84032']",40.5228437,-111.359997,Success
9,126 N Haystack Mountain Drive,"[' Heber City', ' UT 84032']",40.5103952,-111.3893371,Success
90,2326 E Flat Top Mountain Drive,"[' Heber City', ' UT 84032']",40.5172385,-111.3778755,Success
900,3379 E Boulder Top Way,"[' Heber City', ' UT 84032']",40.5231829,-111.3605134,Success
901,3335 E Boulder Top Way ,"[' Heber City', ' UT 84032']",40.5234585,-111.3613017,Success
902,1328 N Grand View Peak Ct (Anthony,"[' Heber City', ' UT 84032']",41.6032207,-73.087749,Success
903,1348 N Grand View Peak Ct (Nolan),"[' Heber City', ' UT 84032']",41.6032207,-73.087749,Success
904,1394 N Grand View Peak Ct (Nolan),"[' Heber City', ' UT 84032']",41.6032207,-73.087749,Success
905,1396 N Grand View Peak Ct,"[' Heber City', ' UT 84032']",41.6032207,-73.087749,Success
906,1399 N Grand View Peak Ct,"[' Heber City', ' UT 84032']",42.0283604,-72.6920969,Success
907,1385 N Grand View Peak Ct,"[' Heber City', ' UT 84032']",41.6032207,-73.087749,Success
908,3293 E Boulder Top Way ,"[' Heber City', ' UT 84032']",40.5237381,-111.3621868,Success
909,3269 E Boulder Top Way,"[' Heber City', ' UT 84032']",40.5236263,-111.3627908,Success
91,2366 E Flat Top Mountain Drive,"[' Heber City', ' UT 84032']",40.5169587,-111.3772564,Success
910,3225 E Boulder Top Way,"[' Heber City', ' UT 84032']",40.5234123,-111.3635732,Success
911,3167 E Boulder Top Way,"[' Heber City', ' UT 84032']",40.5239117,-111.3638953,Success
912,3123 E Boulder Top Way,"[' Heber City', ' UT 84032']",40.524348,-111.3645741,Success
913,3097 E Boulder Top Way,"[' Heber City', ' UT 84032']",40.5246975,-111.3650985,Success
915,3058 E Boulder Top Way,"[' Heber City', ' UT 84032']",40.5245744,-111.3659017,Success
916,3082 E Boulder Top Way,"[' Heber City', ' UT 84032']",40.5244702,-111.3652791,Success
917,3126 E Boulder Top Way,"[' Heber City', ' UT 84032']",40.524165,-111.3649247,Success
918,3162 E Boulder Top Way,"[' Heber City', ' UT 84032']",40.5236149,-111.3645819,Success
92,2400 E Flat Top Mountain Drive,"[' Heber City', ' UT 84032']",40.5162549,-111.3767896,Success
922,3258 E Boulder Top Way,"[' Heber City', ' UT 84032']",40.5233009,-111.3627448,Success
923,3314 E Boulder Top Way,"[' Heber City', ' UT 84032']",38.2453153,-111.3885211,Success
924,3346 E Boulder Top Way,"[' Heber City', ' UT 84032']",40.5231378,-111.3613984,Success
925,3386 E Boulder Top Way,"[' Heber City', ' UT 84032']",40.5229334,-111.3607402,Success
93,2414 E Flat Top Mountain Drive,"[' Heber City', ' UT 84032']",40.5158303,-111.3768153,Success
94,2575 E Red Knob Way ,"[' Heber City', ' UT 84032']",40.5149385,-111.3752721,Success
95,2611 E Red Knob Way,"[' Heber City', ' UT 84032']",40.5149385,-111.3752721,Success
96,2661 E Red Knob Way,"[' Heber City', ' UT 84032']",40.5149385,-111.3752721,Success
98,787 N Red Ledges Boulevard,"[' Heber City', ' UT 84032']",40.5170042,-111.3695428,Success
99,771 N Red Ledges Boulevard,"[' Heber City', ' UT 84032']",40.516782,-111.3691065,Success
AV-1C,242 N. Red Ledges Village Way,"[' Heber City', ' UT 84032']",40.5084564,-111.3835962,Success
AV-2C,254 N. Red Ledges Village Way,"[' Heber City', ' UT 84032']",40.5084564,-111.3835962,Success
AV-3C/4C,266 N Red Ledges Village Way ,"[' Heber City', ' UT 84032']",40.5084564,-111.3835962,Success
AV-5C,314 N. Red Ledges Village Way,"[' Heber City', ' UT 84032']",40.5084564,-111.3835962,Success
AV-6C,332 N. Red Ledges Village Way,"[' Heber City', ' UT 84032']",40.5084564,-111.3835962,Success
BA-01,359 N Abajo Peak Loop,"[' Unit 1', ' Heber City', ' UT 84032']",40.5118886,-111.3876892,Success
BA-02,359 N Abajo Peak Loop,"[' Unit 2', ' Heber City', ' UT 84032']",40.5118886,-111.3876892,Success
BA-03,359 N Abajo Peak Loop,"[' Unit 3', ' Heber City', ' UT 84032']",40.5118886,-111.3876892,Success
BB-01,365 N Abajo Peak Loop,"[' Unit 1', ' Heber City', ' UT 84032']",40.5120224,-111.3878617,Success
BB-02,365 N Abajo Peak Loop,"[' Unit 2', ' Heber City', ' UT 84032']",40.5120224,-111.3878617,Success
BB-03,365 N Abajo Peak Loop,"[' Unit 3', ' Heber City', ' UT 84032']",40.5120224,-111.3878617,Success
BC-01,371 N Abajo Peak Loop,"[' Unit 1', ' Heber City', ' UT 84032']",40.5122391,-111.3880514,Success
BC-02,371 N Abajo Peak Loop,"[' Unit 2', ' Heber City', ' UT 84032']",40.5122391,-111.3880514,Success
BC-03,371 N Abajo Peak Loop,"[' Unit 3', ' Heber City', ' UT 84032']",40.5122391,-111.3880514,Success
BD-01,377 N Abajo Peak Loop,"[' Unit 1', ' Heber City', ' UT 84032']",40.5124843,-111.3879783,Success
BD-02,377 N Abajo Peak Loop,"[' Unit 2', ' Heber City', ' UT 84032']",40.5124843,-111.3879783,Success
BD-03,377 N Abajo Peak Loop,"[' Unit 3', ' Heber City', ' UT 84032']",40.5124843,-111.3879783,Success
BE-01,383 N Abajo Peak Loop,"[' Unit 1', ' Heber City', ' UT 84032']",40.5126803,-111.3877166,Success
BE-02,383 N Abajo Peak Loop,"[' Unit 2', ' Heber City', ' UT 84032']",40.5126803,-111.3877166,Success
BE-03,383 N Abajo Peak Loop,"[' Unit 3', ' Heber City', ' UT 84032']",40.5126803,-111.3877166,Success
BF-01,389 N Abajo Peak Loop,"[' Unit 1', ' Heber City', ' UT 84032']",40.5127614,-111.3873915,Success
BF-02,389 N Abajo Peak Loop,"[' Unit 2', ' Heber City', ' UT 84032']",40.5127614,-111.3873915,Success
BF-03,389 N Abajo Peak Loop,"[' Unit 3', ' Heber City', ' UT 84032']",40.5127614,-111.3873915,Success
BG-01,399 N Abajo Peak Loop,"[' Unit 1', ' Heber City', ' UT 84032']",40.5127032,-111.387028,Success
BG-02,399 N Abajo Peak Loop,"[' Unit 2', ' Heber City', ' UT 84032']",40.5127032,-111.387028,Success
BG-03,399 N Abajo Peak Loop,"[' Unit 3', ' Heber City', ' UT 84032']",40.5127032,-111.387028,Success
BH-01,431 N Abajo Peak Way,"[' Unit 1', ' Heber City', ' UT 84032']",40.5128272,-111.3864642,Success
BH-02,431 N Abajo Peak Way,"[' Unit 2', ' Heber City', ' UT 84032']",40.5128272,-111.3864642,Success
BH-03,431 N Abajo Peak Way,"[' Unit 3', ' Heber City', ' UT 84032']",40.5128272,-111.3864642,Success
BI-01,424 N Abajo Peak Way,"[' Unit 1', ' Heber City', ' UT 84032']",40.5125966,-111.3863292,Success
BI-02,424 N Abajo Peak Way,"[' Unit 2', ' Heber City', ' UT 84032']",40.5125966,-111.3863292,Success
BI-03,424 N Abajo Peak Way,"[' Unit 3', ' Heber City', ' UT 84032']",40.5125966,-111.3863292,Success
BJ-01,404 N Abajo Peak Way,"[' Unit 1', ' Heber City', ' UT 84032']",40.5123168,-111.3865136,Success
BJ-02,404 N Abajo Peak Way,"[' Unit 2', ' Heber City', ' UT 84032']",40.5123168,-111.3865136,Success
BJ-03,404 N Abajo Peak Way,"[' Unit 3', ' Heber City', ' UT 84032']",40.5123168,-111.3865136,Success
BK-01,388 N Abajo Peak Way,"[' Unit 1', ' Heber City', ' UT 84032']",40.5120659,-111.3867093,Success
BK-02,388 N Abajo Peak Way,"[' Unit 2', ' Heber City', ' UT 84032']",40.5120659,-111.3867093,Success
BK-03,388 N Abajo Peak Way,"[' Unit 3', ' Heber City', ' UT 84032']",40.5120659,-111.3867093,Success
BL-01,366 N Abajo Peak Way,"[' Unit 1', ' Heber City', ' UT 84032']",40.5118262,-111.3869762,Success
BL-02,366 N Abajo Peak Way,"[' Unit 2', ' Heber City', ' UT 84032']",40.5118262,-111.3869762,Success
BL-03,366 N Abajo Peak Way,"[' Unit 3', ' Heber City', ' UT 84032']",40.5118262,-111.3869762,Success
BM-01,344 N Abajo Peak Way,"[' Unit 1', ' Heber City', ' UT 84032']",40.5116009,-111.3871676,Success
BM-02,344 N Abajo Peak Way,"[' Unit 2', ' Heber City', ' UT 84032']",40.5116009,-111.3871676,Success
BM-03,344 N Abajo Peak Way,"[' Unit 3', ' Heber City', ' UT 84032']",40.5116009,-111.3871676,Success
BN-01,354 N Abajo Peak Loop,"[' Unit 1', ' Heber City', ' UT 84032']",40.5119332,-111.3873566,Success
BN-02,354 N Abajo Peak Loop,"[' Unit 2', ' Heber City', ' UT 84032']",40.5119332,-111.3873566,Success
BN-03,354 N Abajo Peak Loop,"[' Unit 3', ' Heber City', ' UT 84032']",40.5119332,-111.3873566,Success
BO-01,368 N Abajo Peak Loop,"[' Unit 1', ' Heber City', ' UT 84032']",40.5122546,-111.3877374,Success
BO-02,368 N Abajo Peak Loop,"[' Unit 2', ' Heber City', ' UT 84032']",40.5122546,-111.3877374,Success
BO-03,368 N Abajo Peak Loop,"[' Unit 3', ' Heber City', ' UT 84032']",40.5122546,-111.3877374,Success
BP-01,392 N Abajo Peak Loop,"[' Unit 1', ' Heber City', ' UT 84032']",40.5125617,-111.3874271,Success
BP-02,392 N Abajo Peak Loop,"[' Unit 2', ' Heber City', ' UT 84032']",40.5125617,-111.3874271,Success
BP-03,392 N Abajo Peak Loop,"[' Unit 3', ' Heber City', ' UT 84032']",40.5125617,-111.3874271,Success
BQ-01,402 N Abajo Peak Loop,"[' Unit 1', ' Heber City', ' UT 84032']",40.5124785,-111.3869721,Success
BQ-02,402 N Abajo Peak Loop,"[' Unit 2', ' Heber City', ' UT 84032']",40.5124785,-111.3869721,Success
BQ-03,402 N Abajo Peak Loop,"[' Unit 3', ' Heber City', ' UT 84032']",40.5124785,-111.3869721,Success
CC-1,185 N Club Cabins Court,"[' Heber City', ' UT 84032']",40.5110191,-111.371308,Success
CC-10,141 N Club Cabins Court,"[' Heber City', ' UT 84032']",40.5101209,-111.3723652,Success
CC-11,133 N Club Cabins Court,"[' Heber City', ' UT 84032']",40.5098931,-111.3724767,Success
CC-12,113 N Club Cabins Court,"[' Heber City', ' UT 84032']",40.509663,-111.372761,Success
CC-13,105 N Club Cabins Court,"[' Heber City', ' UT 84032']",40.5094209,-111.3731454,Success
CC-13x,105 N Club Cabins Court,"[' Heber City', ' UT 84032']",40.5094209,-111.3731454,Success
CC-14x,95 N Club Cabins Court,"[' Heber City', ' UT 84032']",40.509153,-111.373185,Success
CC-15a,87 N Club Cabins Court,"[' Heber City', ' UT 84032']",40.5089214,-111.373287,Success
CC-16a,81 N Club Cabins Court,"[' Heber City', ' UT 84032']",40.5086988,-111.37316,Success
CC-17a,75 N Club Cabins Court,"[' Heber City', ' UT 84032']",40.5085024,-111.3731529,Success
CC-18a,73 N Club Cabins Court,"[' Heber City', ' UT 84032']",40.5082985,-111.3732357,Success
CC-19,71 N Club Cabins Court,"[' Heber City', ' UT 84032']",40.5080941,-111.37348,Success
CC-2,181 N Club Cabins Court,"[' Heber City', ' UT 84032']",40.5109043,-111.3713957,Success
CC-20,74 N Club Cabins Court,"[' Heber City', ' UT 84032']",40.5083151,-111.3726206,Success
CC-21,82 N Club Cabins Court,"[' Heber City', ' UT 84032']",40.508249,-111.372474,Success
CC-22,89 N Club Cabins Court,"[' Heber City', ' UT 84032']",40.5086306,-111.3725102,Success
CC-23,91 N Club Cabin Way,"[' Heber City', ' UT 84032']",40.5101687,-111.3719377,Success
CC-24,93 N Club Cabin Way,"[' Heber City', ' UT 84032']",40.5101687,-111.3719377,Success
CC-25,99 N Club Cabin Way,"[' Heber City', ' UT 84032']",40.5101687,-111.3719377,Success
CC-26,111 N Club Cabin Way,"[' Heber City', ' UT 84032']",40.5101687,-111.3719377,Success
CC-27,123 N Club Cabin Way,"[' Heber City', ' UT 84032']",40.5101687,-111.3719377,Success
CC-28,129 N Club Cabin Way,"[' Heber City', ' UT 84032']",40.5101687,-111.3719377,Success
CC-29,135 N Club Cabin Way,"[' Heber City', ' UT 84032']",40.5101687,-111.3719377,Success
CC-3,175 N Club Cabins Court,"[' Heber City', ' UT 84032']",40.5107851,-111.3714667,Success
CC-30,139 N Club Cabin Way,"[' Heber City', ' UT 84032']",40.5101687,-111.3719377,Success
CC-31,143 N Club Cabin Way,"[' Heber City', ' UT 84032']",40.5101687,-111.3719377,Success
CC-32,159 N Club Cabin Way,"[' Heber City', ' UT 84032']",40.5101687,-111.3719377,Success
CC-4,165 N Club Cabins Court,"[' Heber City', ' UT 84032']",40.5106006,-111.3716208,Success
CC-5,155 N Club Cabins Court,"[' Heber City', ' UT 84032']",40.5107459,-111.3721184,Success
CC-6,153 N Club Cabins Court,"[' Heber City', ' UT 84032']",40.5108238,-111.3724207,Success
CC-7,151 N Club Cabins Court,"[' Heber City', ' UT 84032']",40.5106667,-111.372631,Success
CC-8,147 N Club Cabins Court,"[' Heber City', ' UT 84032']",40.510443,-111.3727279,Success
CC-9,145 N Club Cabins Court,"[' Heber City', ' UT 84032']",40.5102916,-111.3725788,Success
CP-1,1896 E. Kings Peak Circle,"[' Heber City', ' UT 84032']",40.5092208,-111.3843168,Success
CP-10,1744 E. Kings Peak Circle,"[' Heber City', ' UT 84032']",40.5095366,-111.3866329,Success
CP-11,1730 E. Kings Peak Circle,"[' Heber City', ' UT 84032']",40.5096641,-111.3868341,Success
CP-12,1710 E. Kings Peak Circle,"[' Heber City', ' UT 84032']",40.5098584,-111.387101,Success
CP-13,1704 E. Kings Peak Circle,"[' Heber City', ' UT 84032']",40.5100273,-111.3874182,Success
CP-14,1702 E. Kings Peak Circle,"[' Heber City', ' UT 84032']",40.5102638,-111.3874229,Success
CP-15,1700 E. Kings Peak Circle,"[' Heber City', ' UT 84032']",40.5104587,-111.3872149,Success
CP-16,1701 E. Kings Peak Circle,"[' Heber City', ' UT 84032']",40.5071111,-111.8728545,Success
CP-17,1707 E. Kings Peak Circle,"[' Heber City', ' UT 84032']",40.5071111,-111.8728555,Success
CP-18,1717 E. Kings Peak Circle,"[' Heber City', ' UT 84032']",40.5071113,-111.8728571,Success
CP-19,1735 E. Kings Peak Circle,"[' Heber City', ' UT 84032']",40.5071115,-111.87286,Success
CP-2,1874 E. Kings Peak Circle,"[' Heber City', ' UT 84032']",40.5092091,-111.3845875,Success
CP-20,1751 E. Kings Peak Circle,"[' Heber City', ' UT 84032']",40.5071117,-111.8728626,Success
CP-21,1765 E. Kings Peak Circle,"[' Heber City', ' UT 84032']",40.5071118,-111.8728649,Success
CP2-1,2522 East Red Knob Way,"[' Heber City', ' UT 84032']",40.5149385,-111.3752721,Success
CP2-10,2632 East Red Knob Way,"[' Heber City', ' UT 84032']",40.5149385,-111.3752721,Success
CP2-11,2646 East Red Knob Way,"[' Heber City', ' UT 84032']",40.5149385,-111.3752721,Success
CP2-12,2662 East Red Knob Way,"[' Heber City', ' UT 84032']",40.5149385,-111.3752721,Success
CP-22,181 N. Kings Peak Court,"[' Heber City', ' UT 84032']",36.0262636,-115.0140408,Success
CP2-2,2536 East Red Knob Way,"[' Heber City', ' UT 84032']",40.5149385,-111.3752721,Success
CP-23,201 N Kings Peak Court,"[' Heber City', ' UT 84032']",36.0261906,-115.0140389,Success
CP2-3,2548 East Red Knob Way,"[' Heber City', ' UT 84032']",40.5149385,-111.3752721,Success
CP-24,223 N. Kings Peak Court,"[' Heber City', ' UT 84032']",36.0261906,-115.0140389,Success
CP2-4,2558 East Red Knob Way,"[' Heber City', ' UT 84032']",40.5149385,-111.3752721,Success
CP-25,245 N. Kings Peak Court,"[' Heber City', ' UT 84032']",36.0261906,-115.0140389,Success
CP2-5,2572 East Red Knob Way,"[' Heber City', ' UT 84032']",40.5149385,-111.3752721,Success
CP-26,261 N Kings Peak Court,"[' Heber City', ' UT 84032']",33.4848758,-111.7012052,Success
CP2-6,2582 East Red Knob Way,"[' Heber City', ' UT 84032']",40.5149385,-111.3752721,Success
CP-27,285 N. Kings Peak Court,"[' Heber City', ' UT 84032']",36.0261906,-115.0140389,Success
CP2-7,2594 East Red Knob Way,"[' Heber City', ' UT 84032']",40.5149385,-111.3752721,Success
CP-28,287 N. Kings Peak Court,"[' Heber City', ' UT 84032']",36.0261906,-115.0140389,Success
CP2-8,2606 East Red Knob Way,"[' Heber City', ' UT 84032']",40.5149385,-111.3752721,Success
CP-29,289 N. Kings Peak Court,"[' Heber City', ' UT 84032']",36.0261906,-115.0140389,Success
CP2-9,2618 East Red Knob Way,"[' Heber City', ' UT 84032']",40.5149385,-111.3752721,Success
CP-3,1850 E. Kings Peak Circle,"[' Heber City', ' UT 84032']",40.5092237,-111.3848605,Success
CP-30,288 N. Kings Peak Court,"[' Heber City', ' UT 84032']",33.4848758,-111.7012052,Success
CP-31,286 N. Kings Peak Court,"[' Heber City', ' UT 84032']",33.4848758,-111.7012052,Success
CP-32,272 N Kings Peak Court,"[' Heber City', ' UT 84032']",33.4848758,-111.7012052,Success
CP-33,252 N. Kings Peak Court,"[' Heber City', ' UT 84032']",33.4848758,-111.7012052,Success
CP-34,236 N. Kings Peak Court,"[' Heber City', ' UT 84032']",36.0261906,-115.0140389,Success
CP-35,220 N. Kings Peak Court,"[' Heber City', ' UT 84032']",36.0261906,-115.0140389,Success
CP-36,206 N. Kings Peak Court,"[' Heber City', ' UT 84032']",36.0261906,-115.0140389,Success
CP-37,194 N. Kings Peak Court,"[' Heber City', ' UT 84032']",36.0262291,-115.0140399,Success
CP-38,180 N. Kings Peak Court,"[' Heber City', ' UT 84032']",36.0263084,-115.0140415,Success
CP-39,1857 E. Kings Peak Circle,"[' Heber City', ' UT 84032']",40.5071129,-111.8728798,Success
CP-4,1830 E. Kings Peak Circle,"[' Heber City', ' UT 84032']",40.5092287,-111.3851195,Success
CP-40,1881 E. Kings Peak Circle,"[' Heber City', ' UT 84032']",40.5071132,-111.8728837,Success
CP-41,1905 E. Kings Peak Circle,"[' Heber City', ' UT 84032']",40.5071135,-111.8728876,Success
CP-5,1808 E. Kings Peak Circle,"[' Heber City', ' UT 84032']",40.5092182,-111.3853843,Success
CP-6,1790 E. Kings Peak Circle,"[' Heber City', ' UT 84032']",40.5092335,-111.3856635,Success
CP-7,1780 E. Kings Peak Circle,"[' Heber City', ' UT 84032']",40.5093064,-111.3859044,Success
CP-8,1766 E. Kings Peak Circle,"[' Heber City', ' UT 84032']",40.5093386,-111.3861704,Success
CP-9,1754 E. Kings Peak Circle,"[' Heber City', ' UT 84032']",40.5093946,-111.386437,Success
JH-1,2268 E Red Knob Way,"[' Heber City', ' UT 84032']",40.5141449,-111.3766049,Success
JH-10,2446 E Flat Top Mountain Drive,"[' Heber City', ' UT 84032']",40.5150182,-111.3759828,Success
JH-11,2339 E Red Knob Way ,"[' Heber City', ' UT 84032']",40.5141449,-111.3766049,Success
JH-12,2407 E Red Knob Way ,"[' Heber City', ' UT 84032']",40.5137876,-111.3756256,Success
JH-13,2391 E Red Knob Way ,"[' Heber City', ' UT 84032']",40.5137841,-111.3762061,Success
JH-14,2352 E Red Knob Way,"[' Heber City', ' UT 84032']",40.5141449,-111.3766049,Success
JH-15,2362 E Red Knob Way,"[' Heber City', ' UT 84032']",40.5140436,-111.3766003,Success
JH-16,2364 E Red Knob Way,"[' Heber City', ' UT 84032']",40.5140233,-111.3765994,Success
JH-17,2366 E Red Knob Way,"[' Heber City', ' UT 84032']",40.5140039,-111.3765925,Success
JH-18,2374 E Red Knob Way,"[' Heber City', ' UT 84032']",40.513928,-111.3765552,Success
JH-19,2396 E Red Knob Way,"[' Heber City', ' UT 84032']",40.5138046,-111.3760878,Success
JH-2,2272 E Red Knob Way,"[' Heber City', ' UT 84032']",40.5141449,-111.3766049,Success
JH-20,2418 E Red Knob Way,"[' Heber City', ' UT 84032']",40.514642,-111.3752995,Success
JH-21,2434 E Red Knob Way,"[' Heber City', ' UT 84032']",40.5142578,-111.3751944,Success
JH-3,2278 E Red Knob Way,"[' Heber City', ' UT 84032']",40.5141449,-111.3766049,Success
JH-4,2318 E Red Knob Way,"[' Heber City', ' UT 84032']",40.5141449,-111.3766049,Success
JH-5,2316 E Red Knob Way,"[' Heber City', ' UT 84032']",40.5141449,-111.3766049,Success
JH-6,2285 E Red Knob Way,"[' Heber City', ' UT 84032']",40.5141449,-111.3766049,Success
JH-7,2293 E Red Knob Way,"[' Heber City', ' UT 84032']",40.5141449,-111.3766049,Success
JH-8,2303 E Red Knob Way,"[' Heber City', ' UT 84032']",40.5141449,-111.3766049,Success
JH-9,2317 E Red Knob Way,"[' Heber City', ' UT 84032']",40.5141449,-111.3766049,Success
TV-10D,1642 E.Abajo Peak Court,"[' Heber City', ' UT 84032']",40.5106115,-111.3888674,Success
TV-11,284 North Abajo Peak Way,"[' Heber City', ' UT 84032']",40.5108211,-111.3877754,Success
TV-12,292 North Abajo Peak Way,"[' Heber City', ' UT 84032']",40.5108721,-111.3877427,Success
TV-13,302 North Abajo Peak Way,"[' Heber City', ' UT 84032']",,,Error: ZERO_RESULTS
TV-14,308 North Abajo Peak Way,"[' Heber City', ' UT 84032']",40.5111527,-111.3875459,Success
TV-15,324 N Abajo Peak Way,"[' Heber City', ' UT 84032']",40.5113058,-111.3874463,Success
TV-16,332 N Abajo Peak Way,"[' Heber City', ' UT 84032']",40.5114015,-111.3873676,Success
TV-17,1664 East Abajo Peak Circle,"[' Heber City', ' UT 84032']",40.511144,-111.388142,Success
TV-18,1654 East Abajo Peak Circle,"[' Heber City', ' UT 84032']",40.511185,-111.388251,Success
TV-19,1644 E Abajo Peak Circle,"[' Heber City', ' UT 84032']",40.5113031,-111.388377,Success
TV-1D,232 N Abajo Peak Way,"[' Heber City', ' UT 84032']",40.5103457,-111.3880774,Success
TV-20,1634 E Abajo Peak Circle,"[' Heber City', ' UT 84032']",40.5113148,-111.3885897,Success
TV-21,1626 E Abajo Peak Circle,"[' Heber City', ' UT 84032']",40.5113799,-111.3887983,Success
TV-22,1624 E Abajo Peak Circle,"[' Heber City', ' UT 84032']",40.5114846,-111.3888636,Success
TV-23,1622 E Abajo Peak Circle,"[' Heber City', ' UT 84032']",40.5117039,-111.388904,Success
TV-24,1621 E Abajo Peak Circle,"[' Heber City', ' UT 84032']",40.511816,-111.388916,Success
TV-25,1623 E Abajo Peak Circle,"[' Heber City', ' UT 84032']",40.5118681,-111.3886038,Success
TV-26,1625 E Abajo Peak Circle,"[' Heber City', ' UT 84032']",40.511843,-111.3884415,Success
TV-27,1629 E Abajo Peak Circle,"[' Heber City', ' UT 84032']",40.5117447,-111.3882388,Success
TV-28,1639 E Abajo Peak Circle,"[' Heber City', ' UT 84032']",40.511678,-111.388186,Success
TV-29,1655 East Abajo Peak Circle,"[' Heber City', ' UT 84032']",40.5115138,-111.3879982,Success
TV-2D,254 N Abajo Peak Way,"[' Heber City', ' UT 84032']",40.5105342,-111.3879624,Success
TV-30,1665 East Abajo Peak Circle,"[' Heber City', ' UT 84032']",40.5114379,-111.3878964,Success
TV-3D,1639 E. Abajo Peak Court,"[' Heber City', ' UT 84032']",40.5107483,-111.3882802,Success
TV-4D,1629 E. Abajo Peak Court,"[' Heber City', ' UT 84032']",40.5108103,-111.3884613,Success
TV-5D,1623 E. Abajo Peak Court,"[' Heber City', ' UT 84032']",40.5107728,-111.3883554,Success
TV-6D,1621 E. Abajo Peak Court,"[' Heber City', ' UT 84032']",40.5117839,-111.3889574,Success
TV-7D,1622 E. Abajo Peak Court,"[' Heber City', ' UT 84032']",40.510958,-111.3886797,Success
TV-8D,1624 E. Abajo Peak Court,"[' Heber City', ' UT 84032']",40.5109272,-111.3888523,Success
TV-9D,1632 E.Abajo Peak Court,"[' Heber City', ' UT 84032']",40.510497,-111.3886759,Success
VC-01,364 N Red Ledges Village Way,"[' Heber City', ' UT 84032']",40.5118827,-111.383293,Success
VC-02,368 N Red Ledges Village Way,"[' Heber City', ' UT 84032']",40.5084564,-111.3835962,Success
VC-03,412 N Red Ledges Village Way,"[' Heber City', ' UT 84032']",40.5084564,-111.3835962,Success
VC-05,416 N Red Ledges Village Way,"[' Heber City', ' UT 84032']",40.5084564,-111.3835962,Success
VC-06,418 N Red Ledges Village Way,"[' Heber City', ' UT 84032']",40.5084564,-111.3835962,Success
VC-07,442 N Red Ledges Village Way,"[' Heber City', ' UT 84032']",40.5084564,-111.3835962,Success
VC-08,446 N Red Ledges Village Way,"[' Heber City', ' UT 84032']",40.5084564,-111.3835962,Success
VC-09,472 N Red Ledges Village Way,"[' Heber City', ' UT 84032']",40.5084564,-111.3835962,Success
VC-10,478 N Red Ledges Village Way,"[' Heber City', ' UT 84032']",40.5084564,-111.3835962,Success
VC-11,502 N Red Ledges Village Way,"[' Heber City', ' UT 84032']",40.5084564,-111.3835962,Success
VC-12,504 N Red Ledges Village Way,"[' Heber City', ' UT 84032']",40.5084564,-111.3835962,Success
VC-13,552 N Red Ledges Village Way,"[' Heber City', ' UT 84032']",40.5084564,-111.3835962,Success
VC-14,554 N Red Ledges Village Way,"[' Heber City', ' UT 84032']",40.5084564,-111.3835962,Success
VC-17,515 N Red Ledges Village Way,"[' Heber City', ' UT 84032']",40.5084564,-111.3835962,Success
VC-19,475 N Red Ledges Village Way,"[' Heber City', ' UT 84032']",40.5084564,-111.3835962,Success
