"LotID","FullAddress"
"227","1962 E Chimney Rock Way, Heber City, UT 84032"
"228","1961 E Chimney Rock Way, Heber City, UT 84032"
"229","1967 E Chimney Rock Way, Heber City, UT 84032"
"230","2064 E Chimney Rock Circle, Heber City, UT 84032"
"231","2061 E Chimney Rock Circle, Heber City, UT 84032"
"232","2065 E Chimney Rock Circle, Heber City, UT 84032"
"237","1112 N Chimney Rock Road , Heber City, UT 84032"
"238","2034 E Chimney Rock Way, Heber City, UT 84032"
"239","2038 E Chimney Rock Way, Heber City, UT 84032"
"240","2035 E Chimney Rock Way, Heber City, UT 84032"
"241","2031 E Chimney Rock Way, Heber City, UT 84032"
"242","1158 N Chimney Rock Road , Heber City, UT 84032"
"244","663 N Chimney Rock Rd, Heber City, UT 84032"
"245","677 N Chimney Rock Rd, Heber City, UT 84032"
"246","695 N Chimney Rock Rd, Heber City, UT 84032"
"247","707 N Chimney Rock Rd, Heber City, UT 84032"
"248","725 N Chimney Rock Rd, Heber City, UT 84032"
"249","737 N Chimney Rock Rd, Heber City, UT 84032"
"250","757 N Chimney Rock Rd, Heber City, UT 84032"
"251","771 N Chimney Rock Rd, Heber City, UT 84032"
"252","787 N Chimney Rock Rd, Heber City, UT 84032"
"253","803 N Chimney Rock Rd, Heber City, UT 84032"
"254","815 N Chimney Rock Rd, Heber City, UT 84032"
"256","800 N Chimney Rock Rd, Heber City, UT 84032"
"257","788 N Chimney Rock Rd, Heber City, UT 84032"
"258","770 N Chimney Rock Road, Heber City, UT 84032"
"259","760 N Chimney Rock Rd, Heber City, UT 84032"
"260","730 N Chimney Rock Road, Heber City, UT 84032"
"261","620 N Chimney Rock Rd, Heber City, UT 84032"
"262","706 N Chimney Rock Rd, Heber City, UT 84032"
"263","700 N Chimney Rock Rd, Heber City, UT 84032"
"264","688 N Chimney Rock Rd, Heber City, UT 84032"
"265","676 N Chimney Rock Rd, Heber City, UT 84032"
"266","664 N Chimney Rock Rd, Heber City, UT 84032"
"267","658 N Chimney Rock Rd, Heber City, UT 84032"
"268","650 N Chimney Rock Rd, Heber City, UT 84032"
"280","914 N Chimney Rock Rd, Heber City, UT 84032"
"281","940 N Chimney Rock Rd, Heber City, UT 84032"
"282","956 N Chimney Rock Rd, Heber City, UT 84032"
"283","976 N Chimney Rock Road, Heber City, UT 84032"
"284","990 N Chimney Rock Road, Heber City, UT 84032"
"285","1005 N Chimney Rock Road, Heber City, UT 84032"
"286","981 N Chimney Rock Road, Heber City, UT 84032"
"287","955 N Chimney Rock Road, Heber City, UT 84032"
"343","1232 N Chimney Rock Road , Heber City, UT 84032"
"344","1282 N Chimney Rock Road , Heber City, UT 84032"
"362","1352 N Chimney Rock Road , Heber City, UT 84032"
"39","1075 N Chimney Rock Road, Heber City, UT 84032"
"39a","1109 N Chimney Rock Road, Heber City, UT 84032"
"40","1070 N Chimney Rock Road, Heber City, UT 84032"
"41","1196 N Chimney Rock Road, Heber City, UT 84032"
"42","1191 N Chimney Rock Road, Heber City, UT 84032"
"43","1215 N Chimney Rock Road, Heber City, UT 84032"
"437","1483 N Explorer Peak Drive , Heber City, UT 84032"
"438","1505 N Explorer Peak Drive , Heber City, UT 84032"
"439","1527 N Explorer Peak Drive , Heber City, UT 84032"
"44","1235 N Chimney Rock Road, Heber City, UT 84032"
"443","1452 N Chimney Rock Road, Heber City, UT 84032"
"444","1422 N Chimney Rock Road, Heber City, UT 84032"
"445","1396 N Chimney Rock Road, Heber City, UT 84032"
"446","1403 N Chimney Rock Road, Heber City, UT 84032"
"447","1433 N Chimney Rock Road, Heber City, UT 84032"
"448","1467 N Chimney Rock Road, Heber City, UT 84032"
"449","1515 N Chimney Rock Road, Heber City, UT 84032"
"45","1261 N Chimney Rock Road, Heber City, UT 84032"
"450","1557 N Chimney Rock Road, Heber City, UT 84032"
"46","1289 N Chimney Rock Road, Heber City, UT 84032"
"47","1320 N Chimney Rock Road, Heber City, UT 84032"
"48","1315 N Chimney Rock Road, Heber City, UT 84032"
"520","1855 N Chimney Rock Road, Heber City, UT 84032"
"521","1771 N Chimney Rock Road, Heber City, UT 84032"
"527","1689 N Chimney Rock Road, Heber City, UT 84032"
"528","1653 N Chimney Rock Road, Heber City, UT 84032"
"529","1621 N Chimney Rock Road, Heber City, UT 84032"
"530","1606 N Chimney Rock Road , Heber City, UT 84032"
"531","1644 N Chimney Rock Road, Heber City, UT 84032"
"532","1703 N Chimney Rock Road, Heber City, UT 84032"
"533","1760 N Chimney Rock Road, Heber City, UT 84032"
"534","1788 N Chimney Rock Road, Heber City, UT 84032"
"535","1832 N Chimney Rock Road, Heber City, UT 84032"
"536","1878 N Chimney Rock Road, Heber City, UT 84032"
"537","1918 N Chimney Rock Road, Heber City, UT 84032"
